package	pn_exit	em_exit	category
acct-user/buildbot	FAIL(3)	FAIL(1)	fail/fail
app-accessibility/julius	FAIL(3)	FAIL(1)	fail/fail
app-accessibility/yasr	FAIL(3)	FAIL(1)	fail/fail
app-admin/clsync	FAIL(3)	FAIL(1)	fail/fail
app-admin/calamares	FAIL(3)	FAIL(1)	fail/fail
app-accessibility/caribou	FAIL(3)	FAIL(1)	fail/fail
app-admin/kio-admin	FAIL(3)	FAIL(1)	fail/fail
app-admin/multilog-watch	FAIL(3)	FAIL(1)	fail/fail
app-admin/ryzen_monitor	FAIL(3)	FAIL(1)	fail/fail
app-admin/ryzen_smu	FAIL(3)	FAIL(1)	fail/fail
app-admin/mkosi	FAIL(3)	FAIL(1)	fail/fail
app-antivirus/lkrg	FAIL(3)	FAIL(1)	fail/fail
app-arch/hardlink	FAIL(3)	FAIL(1)	fail/fail
app-admin/systemdgenie	FAIL(3)	FAIL(1)	fail/fail
app-arch/stuffit	FAIL(3)	FAIL(1)	fail/fail
app-backup/backuppc	FAIL(3)	FAIL(1)	fail/fail
app-backup/amanda	FAIL(3)	OK	fail/ok
app-backup/kup	FAIL(3)	FAIL(1)	fail/fail
app-benchmarks/bonnie	FAIL(137)	FAIL(137)	fail/fail
app-benchmarks/bonnie++	FAIL(137)	FAIL(137)	fail/fail
app-cdr/dolphin-plugins-mountiso	FAIL(3)	FAIL(1)	fail/fail
app-cdr/gcdemu	FAIL(3)	FAIL(1)	fail/fail
app-cdr/cdemu-daemon	FAIL(3)	FAIL(1)	fail/fail
app-accessibility/kontrast	FAIL(3)	FAIL(1)	fail/fail
app-cdr/cdemu	FAIL(3)	FAIL(1)	fail/fail
app-cdr/kcdemu	FAIL(3)	FAIL(1)	fail/fail
app-cdr/disc-cover	FAIL(3)	FAIL(1)	fail/fail
app-cdr/xfburn	FAIL(3)	FAIL(1)	fail/fail
app-cdr/dvdisaster	FAIL(3)	FAIL(1)	fail/fail
app-crypt/bcwipe	FAIL(3)	FAIL(1)	fail/fail
app-containers/snapd	FAIL(3)	FAIL(1)	fail/fail
app-crypt/freepg	FAIL(3)	FAIL(1)	fail/fail
app-crypt/gpgstats	FAIL(3)	FAIL(1)	fail/fail
app-containers/nvidia-container-toolkit	FAIL(3)	FAIL(1)	fail/fail
app-crypt/heimdal	FAIL(3)	FAIL(1)	fail/fail
app-crypt/keepsecret	FAIL(3)	FAIL(1)	fail/fail
app-crypt/keysmith	FAIL(3)	FAIL(1)	fail/fail
app-crypt/rainbowcrack	FAIL(3)	OK	fail/ok
app-crypt/simple-tpm-pk11	FAIL(3)	FAIL(1)	fail/fail
app-arch/unar	FAIL(3)	FAIL(1)	fail/fail
app-dicts/aspell-is	FAIL(3)	OK	fail/ok
app-crypt/veracrypt	FAIL(3)	FAIL(1)	fail/fail
app-dicts/dikt	FAIL(3)	FAIL(1)	fail/fail
app-dicts/stardict-cdict-en-zh-big5	FAIL(3)	FAIL(1)	fail/fail
app-dicts/stardict-cdict-en-zh-gb	FAIL(3)	FAIL(1)	fail/fail
app-dicts/stardict-cedict-zh-en-big5	FAIL(3)	FAIL(1)	fail/fail
app-dicts/stardict-cedict-zh-en-gb	FAIL(3)	FAIL(1)	fail/fail
app-dicts/stardict-dictd-devils	FAIL(3)	FAIL(1)	fail/fail
app-dicts/stardict-freedict-eng-deu	FAIL(3)	FAIL(1)	fail/fail
app-dicts/stardict-freedict-eng-fra	FAIL(3)	FAIL(1)	fail/fail
app-dicts/stardict-freedict-eng-ita	FAIL(3)	FAIL(1)	fail/fail
app-dicts/stardict-freedict-eng-lat	FAIL(3)	FAIL(1)	fail/fail
app-dicts/stardict-freedict-eng-rus	FAIL(3)	FAIL(1)	fail/fail
app-dicts/stardict-freedict-eng-spa	FAIL(3)	FAIL(1)	fail/fail
app-dicts/stardict-freedict-eng-swe	FAIL(3)	FAIL(1)	fail/fail
app-dicts/stardict-freedict-eng-tur	FAIL(3)	FAIL(1)	fail/fail
app-dicts/stardict-freedict-tur-deu	FAIL(3)	FAIL(1)	fail/fail
app-dicts/stardict-jmdict-en-ja	FAIL(3)	FAIL(1)	fail/fail
app-dicts/stardict-freedict-tur-eng	FAIL(3)	FAIL(1)	fail/fail
app-dicts/stardict-jmdict-ja-en	FAIL(3)	FAIL(1)	fail/fail
app-dicts/stardict-langdao-en-zh-gb	FAIL(3)	FAIL(1)	fail/fail
app-dicts/stardict-langdao-zh-en-gb	FAIL(3)	FAIL(1)	fail/fail
app-dicts/stardict-mova-smiley	FAIL(3)	FAIL(1)	fail/fail
app-dicts/stardict-oxford-en-zh-gb	FAIL(3)	FAIL(1)	fail/fail
app-dicts/stardict-quick-eng-jpn	FAIL(3)	FAIL(1)	fail/fail
app-dicts/stardict-quick-jpn-eng	FAIL(3)	FAIL(1)	fail/fail
app-dicts/stardict-quick-ru-en	FAIL(3)	FAIL(1)	fail/fail
app-dicts/stardict-xdict-en-zh-big5	FAIL(3)	FAIL(1)	fail/fail
app-dicts/stardict-xdict-en-zh-gb	FAIL(3)	FAIL(1)	fail/fail
app-dicts/stardict-xdict-zh-en-big5	FAIL(3)	FAIL(1)	fail/fail
app-dicts/stardict-xdict-zh-en-gb	FAIL(3)	FAIL(1)	fail/fail
app-doc/linkers-and-loaders	FAIL(3)	OK	fail/ok
app-editors/aee	FAIL(3)	FAIL(1)	fail/fail
app-editors/curses-hexedit	FAIL(3)	FAIL(1)	fail/fail
app-editors/dhex	FAIL(3)	FAIL(1)	fail/fail
app-editors/ee	FAIL(3)	FAIL(1)	fail/fail
app-editors/hteditor	FAIL(3)	FAIL(1)	fail/fail
app-editors/gnome-latex	FAIL(3)	FAIL(1)	fail/fail
app-editors/shed	FAIL(3)	FAIL(1)	fail/fail
app-editors/ted	FAIL(3)	FAIL(1)	fail/fail
app-crypt/sequoia-chameleon-gnupg	FAIL(124)	FAIL(1)	fail/fail
app-crypt/sequoia-sq	FAIL(124)	FAIL(1)	fail/fail
app-crypt/sequoia-sqv	FAIL(124)	FAIL(1)	fail/fail
app-editors/scite	FAIL(3)	FAIL(1)	fail/fail
app-editors/remarkable	FAIL(3)	FAIL(1)	fail/fail
app-emacs/cdlatex	FAIL(3)	FAIL(1)	fail/fail
app-emacs/auctex	FAIL(3)	FAIL(1)	fail/fail
app-editors/kile	FAIL(3)	FAIL(1)	fail/fail
app-emacs/edb	FAIL(3)	FAIL(1)	fail/fail
app-emacs/emms	FAIL(3)	FAIL(1)	fail/fail
app-editors/ghostwriter	FAIL(124)	FAIL(1)	fail/fail
app-emulation/bochs	FAIL(3)	FAIL(1)	fail/fail
app-emulation/86Box	FAIL(3)	FAIL(1)	fail/fail
app-emulation/dosemu	FAIL(3)	FAIL(1)	fail/fail
app-editors/okteta	FAIL(124)	FAIL(1)	fail/fail
app-emulation/glean	FAIL(3)	FAIL(1)	fail/fail
app-emulation/genymotion-bin	FAIL(3)	FAIL(1)	fail/fail
app-emulation/libvirt	FAIL(3)	FAIL(1)	fail/fail
app-emulation/fs-uae-launcher	FAIL(3)	FAIL(1)	fail/fail
app-emulation/punes	FAIL(3)	FAIL(1)	fail/fail
app-emulation/protontricks	FAIL(3)	FAIL(1)	fail/fail
app-emulation/softgun	FAIL(3)	FAIL(1)	fail/fail
app-emulation/guestfs-tools	FAIL(3)	FAIL(1)	fail/fail
app-emulation/vendor-reset	FAIL(3)	FAIL(1)	fail/fail
app-emulation/virtualbox-guest-modules	FAIL(3)	FAIL(1)	fail/fail
app-emulation/virtualbox	FAIL(3)	FAIL(1)	fail/fail
app-emulation/virtualbox-modules	FAIL(3)	FAIL(1)	fail/fail
app-emulation/virtualbox-guest-additions	FAIL(3)	FAIL(1)	fail/fail
app-emulation/virtualbox-extpack-oracle	FAIL(3)	FAIL(1)	fail/fail
app-emulation/virtualbox-kvm	FAIL(3)	FAIL(1)	fail/fail
app-forensics/honggfuzz	FAIL(3)	FAIL(1)	fail/fail
app-emulation/virt-v2v	FAIL(3)	FAIL(1)	fail/fail
app-i18n/fcitx-chinese-addons	FAIL(3)	FAIL(1)	fail/fail
app-i18n/ibus-fbterm	FAIL(3)	FAIL(1)	fail/fail
app-i18n/ibus-input-pad	FAIL(3)	FAIL(1)	fail/fail
app-i18n/ibus-pinyin	FAIL(3)	FAIL(1)	fail/fail
app-i18n/im-chooser	FAIL(3)	FAIL(1)	fail/fail
app-i18n/librime-lua	FAIL(3)	FAIL(1)	fail/fail
app-i18n/qkc	FAIL(3)	FAIL(1)	fail/fail
app-i18n/ibus-skk	FAIL(3)	FAIL(1)	fail/fail
app-i18n/kanjipad	FAIL(3)	FAIL(1)	fail/fail
app-i18n/skktools	FAIL(3)	FAIL(1)	fail/fail
app-i18n/nabi	FAIL(3)	FAIL(1)	fail/fail
app-laptop/framework-laptop-kmod	FAIL(3)	FAIL(1)	fail/fail
app-laptop/dispad	FAIL(3)	FAIL(1)	fail/fail
app-laptop/tp_smapi	FAIL(3)	FAIL(1)	fail/fail
app-laptop/tpacpi-bat	FAIL(3)	FAIL(1)	fail/fail
app-laptop/tuxedo-drivers	FAIL(3)	FAIL(1)	fail/fail
app-laptop/tuxedo-control-center-bin	FAIL(3)	FAIL(1)	fail/fail
app-metrics/ceph_exporter	FAIL(3)	FAIL(1)	fail/fail
app-misc/blink1	FAIL(3)	FAIL(1)	fail/fail
app-misc/calamares-gentoo-livecd	FAIL(3)	FAIL(1)	fail/fail
app-misc/ckb	FAIL(3)	FAIL(1)	fail/fail
app-misc/gcal	FAIL(3)	FAIL(1)	fail/fail
app-misc/gnuit	FAIL(3)	FAIL(1)	fail/fail
app-misc/francis	FAIL(3)	FAIL(1)	fail/fail
app-misc/anki	FAIL(3)	FAIL(1)	fail/fail
app-misc/geneweb	FAIL(3)	FAIL(1)	fail/fail
app-misc/irtrans-irclient	FAIL(3)	FAIL(1)	fail/fail
app-misc/irtrans-irserver	FAIL(3)	FAIL(1)	fail/fail
app-i18n/poedit	FAIL(124)	FAIL(1)	fail/fail
app-misc/ledit	FAIL(3)	FAIL(1)	fail/fail
app-misc/mouseremote	FAIL(3)	FAIL(1)	fail/fail
app-misc/oneko	FAIL(3)	FAIL(1)	fail/fail
app-misc/pal	FAIL(3)	FAIL(1)	fail/fail
app-misc/gnote	FAIL(3)	FAIL(1)	fail/fail
app-misc/muttprint	FAIL(3)	FAIL(1)	fail/fail
app-misc/socnetv	FAIL(3)	FAIL(1)	fail/fail
app-misc/splitvt	FAIL(3)	FAIL(1)	fail/fail
app-misc/openrgb-plugin-effects	FAIL(3)	FAIL(1)	fail/fail
app-misc/tpipe	FAIL(3)	FAIL(1)	fail/fail
app-misc/vlock	FAIL(3)	FAIL(1)	fail/fail
app-misc/prog-express	FAIL(3)	FAIL(1)	fail/fail
app-misc/rox-filer	FAIL(3)	FAIL(1)	fail/fail
app-office/calligraplan	FAIL(3)	FAIL(1)	fail/fail
app-office/calligra	FAIL(3)	FAIL(1)	fail/fail
app-misc/tinysparql	FAIL(3)	FAIL(1)	fail/fail
app-misc/xmind	FAIL(3)	FAIL(1)	fail/fail
app-misc/bijiben	FAIL(124)	FAIL(1)	fail/fail
app-office/kmymoney	FAIL(3)	FAIL(1)	fail/fail
app-misc/qlcplus	FAIL(3)	FAIL(1)	fail/fail
app-office/denaro	FAIL(3)	FAIL(1)	fail/fail
app-office/magicpoint	FAIL(3)	FAIL(1)	fail/fail
app-office/moneydance	FAIL(3)	FAIL(1)	fail/fail
app-office/skrooge	FAIL(3)	FAIL(1)	fail/fail
app-office/worklog-assistant-bin	FAIL(3)	FAIL(1)	fail/fail
app-office/naps2	FAIL(3)	FAIL(1)	fail/fail
app-officeext/languagetool	FAIL(3)	FAIL(1)	fail/fail
app-office/auto-multiple-choice	FAIL(3)	FAIL(1)	fail/fail
app-office/wps-office	FAIL(3)	FAIL(1)	fail/fail
app-officeext/sun-templates	FAIL(3)	FAIL(1)	fail/fail
app-officeext/texmaths	FAIL(3)	FAIL(1)	fail/fail
app-pda/jpilot	FAIL(3)	FAIL(1)	fail/fail
app-office/gnucash	FAIL(124)	FAIL(1)	fail/fail
app-portage/epkg	FAIL(3)	OK	fail/ok
app-office/libreoffice	FAIL(124)	FAIL(1)	fail/fail
app-portage/no-distcc-env	FAIL(3)	FAIL(1)	fail/fail
app-office/libreoffice-voikko	FAIL(124)	FAIL(1)	fail/fail
app-office/merkuro	FAIL(124)	FAIL(1)	fail/fail
app-shells/fsh	FAIL(3)	OK	fail/ok
app-shells/heirloom-sh	FAIL(3)	FAIL(1)	fail/fail
app-shells/shish	FAIL(3)	FAIL(1)	fail/fail
app-office/scribus	FAIL(124)	FAIL(1)	fail/fail
app-text/bogosort	FAIL(3)	FAIL(1)	fail/fail
app-shells/mpibash	FAIL(3)	FAIL(1)	fail/fail
app-portage/kuroo	FAIL(3)	FAIL(1)	fail/fail
app-office/unoconv	FAIL(124)	FAIL(1)	fail/fail
app-officeext/barcode	FAIL(124)	FAIL(1)	fail/fail
app-officeext/ct2n	FAIL(124)	FAIL(1)	fail/fail
app-officeext/dmaths	FAIL(124)	FAIL(1)	fail/fail
app-officeext/ooo2gd	FAIL(124)	FAIL(1)	fail/fail
app-text/cherrytree	FAIL(3)	FAIL(1)	fail/fail
app-officeext/ooofbtools	FAIL(124)	FAIL(1)	fail/fail
app-text/jabref	FAIL(3)	FAIL(1)	fail/fail
app-text/lv	FAIL(3)	FAIL(1)	fail/fail
app-text/llpp	FAIL(3)	FAIL(1)	fail/fail
app-text/marknote	FAIL(3)	FAIL(1)	fail/fail
app-text/namazu	FAIL(3)	FAIL(1)	fail/fail
app-text/paperwork	FAIL(3)	FAIL(1)	fail/fail
app-text/mathtex	FAIL(3)	FAIL(1)	fail/fail
app-text/openpaperwork-gtk	FAIL(3)	FAIL(1)	fail/fail
app-text/apvlv	FAIL(124)	FAIL(1)	fail/fail
app-text/calibre	FAIL(124)	FAIL(1)	fail/fail
app-text/pandoc	FAIL(3)	FAIL(1)	fail/fail
app-text/pandoc-cli	FAIL(3)	FAIL(1)	fail/fail
app-text/sdcv	FAIL(3)	FAIL(1)	fail/fail
app-text/ktikz	FAIL(3)	FAIL(1)	fail/fail
app-text/kbibtex	FAIL(3)	FAIL(1)	fail/fail
app-text/ttf2pt1	FAIL(3)	FAIL(1)	fail/fail
app-text/uudeview	FAIL(3)	FAIL(1)	fail/fail
app-text/vilistextum	FAIL(3)	FAIL(1)	fail/fail
app-text/foliate	FAIL(124)	FAIL(1)	fail/fail
app-text/sigil	FAIL(124)	FAIL(1)	fail/fail
app-text/uchmviewer	FAIL(124)	FAIL(1)	fail/fail
app-text/xiphos	FAIL(124)	FAIL(1)	fail/fail
dev-ada/gnatsymbolize	FAIL(3)	FAIL(1)	fail/fail
app-text/zeal	FAIL(124)	FAIL(1)	fail/fail
dev-ada/AdaSAT	FAIL(124)	FAIL(1)	fail/fail
dev-ada/ada_language_server	FAIL(124)	FAIL(1)	fail/fail
dev-ada/ada_libfswatch	FAIL(124)	FAIL(1)	fail/fail
dev-ada/adareducer	FAIL(124)	FAIL(1)	fail/fail
dev-ada/aunit	FAIL(124)	FAIL(1)	fail/fail
dev-ada/aws	FAIL(124)	FAIL(1)	fail/fail
dev-ada/gnatcoll-bindings	FAIL(124)	FAIL(1)	fail/fail
dev-ada/gnatcoll-core	FAIL(124)	FAIL(1)	fail/fail
dev-ada/gnatcoll-db	FAIL(124)	FAIL(1)	fail/fail
dev-ada/gnatdoc	FAIL(124)	FAIL(1)	fail/fail
dev-ada/gnatformat	FAIL(124)	FAIL(1)	fail/fail
dev-ada/gnatmem	FAIL(124)	FAIL(1)	fail/fail
dev-ada/gpr	FAIL(124)	FAIL(1)	fail/fail
dev-ada/gprbuild	FAIL(124)	FAIL(1)	fail/fail
dev-ada/gtkada	FAIL(124)	FAIL(1)	fail/fail
dev-ada/lal-refactor	FAIL(124)	FAIL(1)	fail/fail
dev-build/dolphin-plugins-makefileactions	FAIL(3)	FAIL(1)	fail/fail
dev-cpp/gtkmm	FAIL(3)	FAIL(1)	fail/fail
dev-cpp/gtksourceviewmm	FAIL(3)	FAIL(1)	fail/fail
dev-db/cdb	FAIL(3)	FAIL(1)	fail/fail
dev-db/cockroach	FAIL(3)	FAIL(1)	fail/fail
dev-ada/langkit	FAIL(124)	FAIL(1)	fail/fail
dev-ada/langkit-contrib	FAIL(124)	FAIL(1)	fail/fail
dev-ada/libadalang	FAIL(124)	FAIL(1)	fail/fail
dev-ada/libadalang-tools	FAIL(124)	FAIL(1)	fail/fail
dev-ada/libgpr	FAIL(124)	FAIL(1)	fail/fail
dev-ada/markdown	FAIL(124)	FAIL(1)	fail/fail
dev-ada/prettier-ada	FAIL(124)	FAIL(1)	fail/fail
dev-ada/spawn	FAIL(124)	FAIL(1)	fail/fail
dev-ada/templates-parser	FAIL(124)	FAIL(1)	fail/fail
dev-db/libiodbc	FAIL(3)	FAIL(1)	fail/fail
dev-db/lmdb	FAIL(137)	FAIL(137)	fail/fail
dev-db/lmdb++	FAIL(137)	FAIL(137)	fail/fail
dev-ada/vss-extra	FAIL(124)	FAIL(1)	fail/fail
dev-ada/vss-text	FAIL(124)	FAIL(1)	fail/fail
dev-ada/xmlada	FAIL(124)	FAIL(1)	fail/fail
dev-db/mysql-connector-c++	?	?	fail/fail
dev-db/mysql++	FAIL(137)	FAIL(137)	fail/fail
dev-db/mysql	FAIL(137)	FAIL(137)	fail/fail
dev-db/mysql-workbench	FAIL(3)	FAIL(1)	fail/fail
dev-db/pglogical	FAIL(3)	FAIL(1)	fail/fail
dev-db/pgpool2	FAIL(3)	FAIL(1)	fail/fail
dev-db/pgmodeler	FAIL(3)	FAIL(1)	fail/fail
dev-db/mongodb	FAIL(3)	FAIL(1)	fail/fail
dev-db/psqlodbc	FAIL(3)	FAIL(1)	fail/fail
dev-db/sqldeveloper	FAIL(3)	FAIL(1)	fail/fail
dev-db/slony1	FAIL(3)	FAIL(1)	fail/fail
dev-db/sqlcl-bin	FAIL(3)	OK	fail/ok
dev-debug/apitrace	FAIL(3)	FAIL(1)	fail/fail
dev-db/zedis	FAIL(3)	FAIL(1)	fail/fail
dev-debug/ddd	FAIL(3)	FAIL(1)	fail/fail
dev-debug/hotspot	FAIL(3)	FAIL(1)	fail/fail
dev-debug/scap-driver	FAIL(3)	FAIL(1)	fail/fail
dev-debug/sysdig	FAIL(3)	FAIL(1)	fail/fail
dev-dotnet/netcoredbg	FAIL(3)	OK	fail/ok
dev-embedded/avr-libc	FAIL(3)	FAIL(1)	fail/fail
dev-embedded/cpik	FAIL(3)	FAIL(1)	fail/fail
dev-embedded/jal	FAIL(3)	FAIL(1)	fail/fail
dev-embedded/picp	FAIL(3)	FAIL(1)	fail/fail
dev-erlang/p1_acme	FAIL(3)	OK	fail/ok
dev-games/tiled	FAIL(3)	FAIL(1)	fail/fail
dev-debug/dtrace	FAIL(3)	FAIL(1)	fail/fail
dev-haskell/adjunctions	FAIL(3)	FAIL(1)	fail/fail
dev-haskell/aeson	FAIL(3)	FAIL(1)	fail/fail
dev-haskell/aeson-pretty	FAIL(3)	FAIL(1)	fail/fail
dev-haskell/cairo	FAIL(3)	FAIL(1)	fail/fail
dev-dotnet/dotnet-sdk	FAIL(124)	FAIL(124)	fail/fail
dev-haskell/connection	FAIL(3)	OK	fail/ok
dev-haskell/aws	FAIL(3)	FAIL(1)	fail/fail
dev-haskell/citeproc	FAIL(3)	FAIL(1)	fail/fail
dev-haskell/criterion	FAIL(3)	FAIL(1)	fail/fail
dev-haskell/cryptonite-conduit	FAIL(3)	FAIL(1)	fail/fail
dev-haskell/doctemplates	FAIL(3)	FAIL(1)	fail/fail
dev-haskell/dbus	FAIL(3)	FAIL(1)	fail/fail
dev-haskell/free	FAIL(3)	FAIL(1)	fail/fail
dev-haskell/feed	FAIL(3)	FAIL(1)	fail/fail
dev-haskell/glib	FAIL(3)	FAIL(1)	fail/fail
dev-haskell/gtk2hs-buildtools	FAIL(3)	FAIL(1)	fail/fail
dev-haskell/hashtables	FAIL(3)	FAIL(1)	fail/fail
dev-haskell/fdo-notify	FAIL(3)	FAIL(1)	fail/fail
dev-haskell/dav	FAIL(3)	FAIL(1)	fail/fail
dev-haskell/git-lfs	FAIL(3)	FAIL(1)	fail/fail
dev-games/aseprite	FAIL(124)	FAIL(1)	fail/fail
dev-haskell/hslua-aeson	FAIL(3)	FAIL(1)	fail/fail
dev-haskell/hslua	FAIL(3)	FAIL(1)	fail/fail
dev-haskell/html-conduit	FAIL(3)	FAIL(1)	fail/fail
dev-haskell/invariant	FAIL(3)	FAIL(1)	fail/fail
dev-haskell/kan-extensions	FAIL(3)	FAIL(1)	fail/fail
dev-haskell/ipynb	FAIL(3)	FAIL(1)	fail/fail
dev-haskell/lens	FAIL(3)	FAIL(1)	fail/fail
dev-haskell/hspec-wai	FAIL(3)	FAIL(1)	fail/fail
dev-haskell/http-conduit	FAIL(3)	FAIL(1)	fail/fail
dev-haskell/microstache	FAIL(3)	FAIL(1)	fail/fail
dev-haskell/monad-logger	FAIL(3)	FAIL(1)	fail/fail
dev-haskell/pango	FAIL(3)	FAIL(1)	fail/fail
dev-haskell/pandoc-types	FAIL(3)	FAIL(1)	fail/fail
dev-haskell/pandoc-lua-marshal	FAIL(3)	FAIL(1)	fail/fail
dev-haskell/reducers	FAIL(3)	OK	fail/ok
dev-haskell/quickcheck-classes	FAIL(3)	FAIL(1)	fail/fail
dev-haskell/persistent	FAIL(3)	FAIL(1)	fail/fail
dev-haskell/persistent-sqlite	FAIL(3)	FAIL(1)	fail/fail
dev-haskell/persistent-test	FAIL(3)	FAIL(1)	fail/fail
dev-haskell/pandoc	FAIL(3)	FAIL(1)	fail/fail
dev-haskell/semialign	FAIL(3)	OK	fail/ok
dev-haskell/pandoc-server	FAIL(3)	FAIL(1)	fail/fail
dev-haskell/servant	FAIL(3)	FAIL(1)	fail/fail
dev-haskell/shakespeare	FAIL(3)	FAIL(1)	fail/fail
dev-haskell/skylighting-core	FAIL(3)	FAIL(1)	fail/fail
dev-haskell/skylighting	FAIL(3)	FAIL(1)	fail/fail
dev-haskell/skylighting-format-ansi	FAIL(3)	FAIL(1)	fail/fail
dev-haskell/skylighting-format-blaze-html	FAIL(3)	FAIL(1)	fail/fail
dev-haskell/skylighting-format-context	FAIL(3)	FAIL(1)	fail/fail
dev-haskell/skylighting-format-latex	FAIL(3)	FAIL(1)	fail/fail
dev-haskell/statistics	FAIL(3)	FAIL(1)	fail/fail
dev-haskell/servant-server	FAIL(3)	FAIL(1)	fail/fail
dev-haskell/tasty-hedgehog	FAIL(3)	FAIL(1)	fail/fail
dev-haskell/tasty-smallcheck	FAIL(3)	OK	fail/ok
dev-haskell/test-framework-leancheck	FAIL(3)	OK	fail/ok
dev-haskell/texmath	FAIL(3)	FAIL(1)	fail/fail
dev-haskell/tree-diff	FAIL(3)	FAIL(1)	fail/fail
dev-haskell/trifecta	FAIL(3)	FAIL(1)	fail/fail
dev-haskell/typst	FAIL(3)	FAIL(1)	fail/fail
dev-haskell/wai-extra	FAIL(3)	FAIL(1)	fail/fail
dev-haskell/wai-app-static	FAIL(3)	FAIL(1)	fail/fail
dev-haskell/xml-hamlet	FAIL(3)	FAIL(1)	fail/fail
dev-haskell/yaml	FAIL(3)	FAIL(1)	fail/fail
dev-haskell/wai-websockets	FAIL(3)	FAIL(1)	fail/fail
dev-java/aopalliance	FAIL(3)	OK	fail/ok
dev-java/antunit	FAIL(3)	OK	fail/ok
dev-haskell/yesod-core	FAIL(3)	FAIL(1)	fail/fail
dev-haskell/yesod-persistent	FAIL(3)	FAIL(1)	fail/fail
dev-haskell/yesod-test	FAIL(3)	FAIL(1)	fail/fail
dev-haskell/yesod-static	FAIL(3)	FAIL(1)	fail/fail
dev-haskell/yesod-form	FAIL(3)	FAIL(1)	fail/fail
dev-haskell/yesod	FAIL(3)	FAIL(1)	fail/fail
dev-java/ant-contrib	FAIL(3)	OK	fail/ok
dev-java/fastdoubleparser	FAIL(3)	OK	fail/ok
dev-java/openjdk	FAIL(3)	FAIL(1)	fail/fail
dev-java/sbt	FAIL(3)	FAIL(1)	fail/fail
dev-java/openjfx	FAIL(3)	FAIL(1)	fail/fail
dev-lang/cxprolog	FAIL(3)	FAIL(1)	fail/fail
dev-lang/clojure-clr	FAIL(3)	OK	fail/ok
dev-lang/boogie	FAIL(3)	OK	fail/ok
dev-lang/gforth	FAIL(3)	FAIL(1)	fail/fail
dev-lang/haxe	FAIL(3)	FAIL(1)	fail/fail
dev-lang/elpi	FAIL(3)	FAIL(1)	fail/fail
dev-lang/dafny	FAIL(3)	OK	fail/ok
dev-lang/jint	FAIL(3)	OK	fail/ok
dev-lang/mond	FAIL(3)	OK	fail/ok
dev-lang/mmix	FAIL(3)	FAIL(1)	fail/fail
dev-lang/perl	FAIL(3)	OK	fail/ok
dev-lang/pico8	FAIL(3)	FAIL(1)	fail/fail
dev-lang/elixir	FAIL(3)	OK	fail/ok
dev-lang/snobol	FAIL(3)	FAIL(1)	fail/fail
dev-lang/teyjus	FAIL(3)	FAIL(1)	fail/fail
dev-lang/spidermonkey	FAIL(3)	FAIL(1)	fail/fail
dev-libs/amdgpu-pro-opencl	FAIL(3)	FAIL(1)	fail/fail
dev-lang/mono-basic	FAIL(3)	FAIL(1)	fail/fail
dev-libs/clog	FAIL(3)	OK	fail/ok
dev-libs/cl	FAIL(3)	FAIL(1)	fail/fail
dev-libs/castxml	FAIL(3)	OK	fail/ok
dev-libs/ayatana-ido	FAIL(3)	FAIL(1)	fail/fail
dev-libs/ferrisloki	FAIL(3)	FAIL(1)	fail/fail
dev-libs/gjs	FAIL(3)	FAIL(1)	fail/fail
dev-lang/pypy	FAIL(124)	FAIL(124)	fail/fail
dev-lang/pypy3-exe	FAIL(124)	FAIL(124)	fail/fail
dev-libs/hiprt	FAIL(3)	FAIL(1)	fail/fail
dev-libs/kirigami-addons	FAIL(3)	FAIL(1)	fail/fail
dev-libs/kopeninghours	FAIL(3)	FAIL(1)	fail/fail
dev-libs/kosmindoormap	FAIL(3)	FAIL(1)	fail/fail
dev-libs/ktextaddons	FAIL(3)	FAIL(1)	fail/fail
dev-libs/kpublictransport	FAIL(3)	FAIL(1)	fail/fail
dev-lang/spark	FAIL(124)	FAIL(1)	fail/fail
dev-libs/input-pad	FAIL(3)	FAIL(1)	fail/fail
dev-lang/zig	FAIL(124)	FAIL(124)	fail/fail
dev-libs/libelf	FAIL(3)	FAIL(1)	fail/fail
dev-libs/libiconv	FAIL(3)	FAIL(1)	fail/fail
dev-libs/libintl	FAIL(3)	FAIL(1)	fail/fail
dev-libs/libratbag	FAIL(3)	FAIL(1)	fail/fail
dev-libs/libopenrazer	FAIL(3)	FAIL(1)	fail/fail
dev-libs/opencryptoki	FAIL(3)	FAIL(1)	fail/fail
dev-libs/papi	FAIL(3)	FAIL(1)	fail/fail
dev-libs/rccl	FAIL(3)	FAIL(1)	fail/fail
dev-libs/template-glib	FAIL(3)	FAIL(1)	fail/fail
dev-libs/tvision	FAIL(3)	FAIL(1)	fail/fail
dev-lisp/roswell	FAIL(3)	FAIL(1)	fail/fail
dev-lisp/cmucl	FAIL(3)	FAIL(1)	fail/fail
dev-lua/lanes	FAIL(3)	FAIL(1)	fail/fail
dev-lisp/ecl	FAIL(3)	OK	fail/ok
dev-ml/ANSITerminal	FAIL(3)	FAIL(1)	fail/fail
dev-ml/angstrom	FAIL(3)	FAIL(1)	fail/fail
dev-ml/alcotest	FAIL(3)	FAIL(1)	fail/fail
dev-ml/0install	FAIL(3)	FAIL(1)	fail/fail
dev-lisp/gcl	FAIL(3)	FAIL(1)	fail/fail
dev-ml/bin_prot	FAIL(3)	OK	fail/ok
dev-ml/coq-menhirlib	FAIL(3)	OK	fail/ok
dev-ml/base_quickcheck	FAIL(3)	OK	fail/ok
dev-ml/core_kernel	FAIL(3)	OK	fail/ok
dev-ml/core	FAIL(3)	OK	fail/ok
dev-ml/core_unix	FAIL(3)	OK	fail/ok
dev-ml/base_bigstring	FAIL(3)	OK	fail/ok
dev-ml/async_kernel	FAIL(3)	OK	fail/ok
dev-ml/core_extended	FAIL(3)	OK	fail/ok
dev-ml/async_unix	FAIL(3)	OK	fail/ok
dev-ml/async_rpc_kernel	FAIL(3)	OK	fail/ok
dev-ml/delimited_parsing	FAIL(3)	OK	fail/ok
dev-ml/gapi-ocaml	FAIL(3)	FAIL(1)	fail/fail
dev-ml/async_log	FAIL(3)	OK	fail/ok
dev-ml/core_bench	FAIL(3)	OK	fail/ok
dev-ml/async	FAIL(3)	OK	fail/ok
dev-ml/lambda-term	FAIL(3)	OK	fail/ok
dev-ml/ocaml-gettext-camomile	FAIL(3)	FAIL(1)	fail/fail
dev-ml/ocamlnet	FAIL(3)	FAIL(1)	fail/fail
dev-ml/pcre-ocaml	FAIL(3)	OK	fail/ok
dev-ml/ppx_blob	FAIL(3)	OK	fail/ok
dev-ml/ocamlweb	FAIL(3)	FAIL(1)	fail/fail
dev-ml/ppx_bin_prot	FAIL(3)	OK	fail/ok
dev-ml/ppx_js_style	FAIL(3)	OK	fail/ok
dev-ml/ppx_yojson_conv_lib	FAIL(3)	OK	fail/ok
dev-ml/ppx_string	FAIL(3)	OK	fail/ok
dev-ml/ppx_jane	FAIL(3)	OK	fail/ok
dev-ml/sedlex	FAIL(3)	OK	fail/ok
dev-lisp/c2ffi	FAIL(3)	FAIL(124)	fail/fail
dev-ml/protocol_version_header	FAIL(3)	OK	fail/ok
dev-ml/record_builder	FAIL(3)	OK	fail/ok
dev-ml/uuidm	FAIL(3)	OK	fail/ok
dev-ml/textutils	FAIL(3)	OK	fail/ok
dev-perl/Ace	FAIL(3)	FAIL(1)	fail/fail
dev-ml/utop	FAIL(3)	OK	fail/ok
dev-perl/Alien-HDF4	FAIL(3)	FAIL(1)	fail/fail
dev-ml/uri	FAIL(3)	OK	fail/ok
dev-perl/Apache-Reload	FAIL(3)	FAIL(1)	fail/fail
dev-perl/Apache-SizeLimit	FAIL(3)	FAIL(1)	fail/fail
dev-perl/Apache2-AuthenNTLM	FAIL(3)	FAIL(1)	fail/fail
dev-perl/Apache-CGI-Builder	FAIL(3)	FAIL(1)	fail/fail
dev-perl/Apache-AuthCookie	FAIL(3)	FAIL(1)	fail/fail
dev-perl/Bio-ASN1-EntrezGene	FAIL(3)	FAIL(1)	fail/fail
dev-perl/Bio-Graphics	FAIL(3)	FAIL(1)	fail/fail
dev-perl/Bio-DB-HTS	FAIL(3)	FAIL(1)	fail/fail
dev-perl/Bio-Das	FAIL(3)	FAIL(1)	fail/fail
dev-perl/Convert-UUlib	FAIL(3)	FAIL(1)	fail/fail
dev-perl/CPAN-Checksums	FAIL(3)	OK	fail/ok
dev-perl/Crypt-Simple	FAIL(3)	OK	fail/ok
dev-perl/Date-Pcalc	FAIL(3)	FAIL(1)	fail/fail
dev-perl/Dist-Zilla-Plugin-Config-Git	FAIL(3)	OK	fail/ok
dev-perl/Dist-Zilla-Plugin-NameFromDirectory	FAIL(3)	OK	fail/ok
dev-perl/Lab-Zhinst	FAIL(3)	FAIL(1)	fail/fail
dev-perl/LaTeX-Driver	FAIL(3)	FAIL(1)	fail/fail
dev-perl/Net-AMQP-RabbitMQ	FAIL(3)	FAIL(1)	fail/fail
dev-perl/Net-LDAPapi	FAIL(3)	FAIL(1)	fail/fail
dev-perl/PGPLOT	FAIL(3)	FAIL(1)	fail/fail
dev-perl/PDL-IO-HDF	FAIL(3)	FAIL(1)	fail/fail
dev-perl/PDL-GSL	FAIL(3)	FAIL(1)	fail/fail
dev-perl/PDL-IO-GD	FAIL(3)	FAIL(1)	fail/fail
dev-perl/Starlet	FAIL(3)	OK	fail/ok
dev-perl/Template-Plugin-Latex	FAIL(3)	FAIL(1)	fail/fail
dev-perl/Wx-Scintilla	FAIL(3)	FAIL(1)	fail/fail
dev-perl/Wx-GLCanvas	FAIL(3)	FAIL(1)	fail/fail
dev-php/pecl-rrd	FAIL(3)	FAIL(1)	fail/fail
dev-perl/gtk2-gladexml	FAIL(3)	FAIL(1)	fail/fail
dev-python/clr-loader	FAIL(3)	OK	fail/ok
dev-python/gsd	FAIL(3)	OK	fail/ok
dev-python/gst-python	FAIL(3)	FAIL(1)	fail/fail
dev-python/gssapi	FAIL(3)	OK	fail/ok
dev-python/ipdb	FAIL(3)	FAIL(1)	fail/fail
dev-python/jupyter-server-terminals	FAIL(3)	OK	fail/ok
dev-python/jupyter-lsp	FAIL(3)	OK	fail/ok
dev-python/libvirt-python	FAIL(3)	FAIL(1)	fail/fail
dev-python/matterhook	FAIL(3)	FAIL(1)	fail/fail
dev-python/nbconvert	FAIL(3)	OK	fail/ok
dev-python/moto	FAIL(3)	OK	fail/ok
dev-python/graph-tool	FAIL(124)	FAIL(1)	fail/fail
dev-python/nuitka	FAIL(3)	OK	fail/ok
dev-python/nautilus-python	FAIL(3)	FAIL(1)	fail/fail
dev-python/notebook-shim	FAIL(3)	OK	fail/ok
dev-python/notebook	FAIL(3)	OK	fail/ok
dev-python/nvidia-ml-py	FAIL(3)	FAIL(1)	fail/fail
dev-python/pivy	FAIL(3)	FAIL(1)	fail/fail
dev-python/pyotherside	FAIL(3)	FAIL(1)	fail/fail
dev-python/pkgcraft	FAIL(3)	FAIL(1)	fail/fail
dev-python/pyside	FAIL(3)	FAIL(1)	fail/fail
dev-python/python-systemd	FAIL(3)	FAIL(1)	fail/fail
dev-python/pytools	FAIL(3)	FAIL(1)	fail/fail
dev-python/pythonnet	FAIL(3)	OK	fail/ok
dev-python/pyqt6-webengine	FAIL(3)	FAIL(1)	fail/fail
dev-python/pyx	FAIL(3)	FAIL(1)	fail/fail
dev-python/pycuda	FAIL(3)	FAIL(1)	fail/fail
dev-python/python-vlc	FAIL(3)	FAIL(1)	fail/fail
dev-python/seaborn	FAIL(3)	FAIL(1)	fail/fail
dev-python/scikit-image	FAIL(3)	OK	fail/ok
dev-python/statsmodels	FAIL(3)	OK	fail/ok
dev-python/spyder-notebook	FAIL(3)	FAIL(1)	fail/fail
dev-python/qpageview	FAIL(124)	FAIL(1)	fail/fail
dev-qt/qt3d	FAIL(3)	FAIL(1)	fail/fail
dev-qt/qt-creator	FAIL(3)	FAIL(1)	fail/fail
dev-qt/qtcharts	FAIL(3)	FAIL(1)	fail/fail
dev-python/spyder-line-profiler	FAIL(3)	FAIL(1)	fail/fail
dev-qt/qtpbfimageplugin	FAIL(3)	FAIL(1)	fail/fail
dev-python/spyder	FAIL(124)	FAIL(1)	fail/fail
dev-python/spyder-terminal	FAIL(124)	FAIL(1)	fail/fail
dev-python/spyder-unittest	FAIL(124)	FAIL(1)	fail/fail
dev-qt/qtwayland	FAIL(3)	FAIL(1)	fail/fail
dev-ruby/commonmarker	FAIL(3)	FAIL(1)	fail/fail
dev-qt/qtwebengine	FAIL(124)	FAIL(1)	fail/fail
dev-qt/qtwebview	FAIL(124)	FAIL(1)	fail/fail
dev-ruby/mecab-ruby	FAIL(3)	OK	fail/ok
dev-ruby/mutex_m	FAIL(3)	OK	fail/ok
dev-ruby/rrdtool-bindings	FAIL(3)	OK	fail/ok
dev-ruby/ruby-dict	FAIL(3)	OK	fail/ok
dev-ruby/ruby-odbc	FAIL(3)	FAIL(1)	fail/fail
dev-ruby/ruby-romkan	FAIL(3)	OK	fail/ok
dev-scheme/akku	FAIL(3)	FAIL(1)	fail/fail
dev-scheme/cyclone	FAIL(3)	FAIL(1)	fail/fail
dev-scheme/bigloo	FAIL(3)	FAIL(1)	fail/fail
dev-scheme/c-wrapper	FAIL(3)	OK	fail/ok
dev-scheme/guile-ncurses	FAIL(3)	FAIL(1)	fail/fail
dev-tcltk/tktreectrl	FAIL(3)	FAIL(1)	fail/fail
dev-tex/frakturx	FAIL(3)	FAIL(1)	fail/fail
dev-tex/foiltex	FAIL(3)	FAIL(1)	fail/fail
dev-tex/ivritex	FAIL(3)	FAIL(1)	fail/fail
dev-tex/rubber	FAIL(3)	FAIL(1)	fail/fail
dev-tex/tex4ht	FAIL(3)	FAIL(1)	fail/fail
dev-tex/vc	FAIL(3)	FAIL(1)	fail/fail
dev-texlive/texlive-fontutils	FAIL(3)	FAIL(1)	fail/fail
dev-texlive/texlive-langarabic	FAIL(3)	FAIL(1)	fail/fail
dev-texlive/texlive-langspanish	FAIL(3)	FAIL(1)	fail/fail
dev-texlive/texlive-latexrecommended	FAIL(3)	FAIL(1)	fail/fail
dev-texlive/texlive-latexextra	FAIL(3)	FAIL(1)	fail/fail
dev-texlive/texlive-publishers	FAIL(3)	FAIL(1)	fail/fail
dev-util/Tensile	FAIL(3)	FAIL(1)	fail/fail
dev-util/bpftop	FAIL(3)	FAIL(1)	fail/fail
dev-util/coccigrep	FAIL(3)	FAIL(1)	fail/fail
dev-util/bpf-linker	FAIL(3)	FAIL(1)	fail/fail
dev-util/coccinelle	FAIL(3)	OK	fail/ok
dev-util/cutter	FAIL(3)	FAIL(1)	fail/fail
dev-util/godcc	FAIL(3)	FAIL(1)	fail/fail
dev-util/goland	FAIL(3)	OK	fail/ok
dev-util/herdtools7	FAIL(3)	FAIL(1)	fail/fail
dev-util/heaptrack	FAIL(3)	FAIL(1)	fail/fail
dev-util/hxtools	FAIL(3)	FAIL(1)	fail/fail
dev-util/devhelp	FAIL(3)	FAIL(1)	fail/fail
dev-util/intel-ocl-sdk	FAIL(3)	FAIL(1)	fail/fail
dev-util/kdstatemachineeditor	FAIL(3)	FAIL(1)	fail/fail
dev-util/kernelshark	FAIL(3)	FAIL(1)	fail/fail
dev-util/kio-perldoc	FAIL(3)	FAIL(1)	fail/fail
dev-util/lttng-modules	FAIL(3)	FAIL(1)	fail/fail
dev-util/llvm-mingw64	FAIL(3)	FAIL(1)	fail/fail
dev-util/gnome-builder	FAIL(3)	FAIL(1)	fail/fail
dev-util/mingw64-runtime	FAIL(3)	FAIL(1)	fail/fail
dev-util/mig	FAIL(3)	FAIL(1)	fail/fail
dev-util/marksman	FAIL(3)	OK	fail/ok
dev-util/meld	FAIL(3)	FAIL(1)	fail/fail
dev-util/kdevelop	FAIL(3)	FAIL(1)	fail/fail
dev-util/massif-visualizer	FAIL(3)	FAIL(1)	fail/fail
dev-util/kdevelop-php	FAIL(3)	FAIL(1)	fail/fail
dev-util/perf	FAIL(3)	FAIL(1)	fail/fail
dev-util/nsight-systems	FAIL(3)	FAIL(1)	fail/fail
dev-util/radare2	FAIL(3)	FAIL(1)	fail/fail
dev-util/rizin	FAIL(3)	FAIL(1)	fail/fail
dev-util/rpmdevtools	FAIL(3)	FAIL(1)	fail/fail
dev-util/roctracer	FAIL(3)	FAIL(1)	fail/fail
dev-util/rocm_bandwidth_test	FAIL(3)	FAIL(1)	fail/fail
dev-util/regexxer	FAIL(3)	FAIL(1)	fail/fail
dev-util/seer	FAIL(3)	FAIL(1)	fail/fail
dev-util/nsight-compute	FAIL(3)	FAIL(1)	fail/fail
dev-util/nsight-graphics	FAIL(3)	FAIL(1)	fail/fail
dev-util/shelltestrunner	FAIL(3)	OK	fail/ok
dev-util/shellcheck	FAIL(3)	FAIL(1)	fail/fail
dev-util/wachy	FAIL(3)	FAIL(1)	fail/fail
dev-vcs/cssc	FAIL(3)	FAIL(1)	fail/fail
dev-vcs/git-credential-manager	FAIL(3)	OK	fail/ok
dev-util/kdevelop-python	FAIL(124)	FAIL(1)	fail/fail
dev-vcs/hg-git	FAIL(3)	OK	fail/ok
dev-vcs/darcs	FAIL(3)	FAIL(1)	fail/fail
dev-vcs/kdesvn	FAIL(3)	FAIL(1)	fail/fail
games-action/a-story-about-my-uncle	FAIL(3)	FAIL(1)	fail/fail
games-action/apotheon	FAIL(3)	FAIL(1)	fail/fail
games-action/assault-android-cactus+	FAIL(3)	FAIL(1)	fail/fail
dev-vcs/sourcegit	FAIL(3)	OK	fail/ok
games-action/badland	FAIL(3)	FAIL(1)	fail/fail
games-action/abuse	FAIL(3)	FAIL(1)	fail/fail
games-action/atanks	FAIL(3)	FAIL(1)	fail/fail
games-action/beathazardultra	FAIL(3)	FAIL(1)	fail/fail
games-action/brutal-legend-gog	FAIL(3)	FAIL(1)	fail/fail
games-action/brutal-legend-hb	FAIL(3)	FAIL(1)	fail/fail
games-action/chickens	FAIL(3)	FAIL(1)	fail/fail
games-action/crimsonland	FAIL(3)	FAIL(1)	fail/fail
games-action/bomberclone	FAIL(3)	FAIL(1)	fail/fail
games-action/descent1-data	FAIL(3)	FAIL(1)	fail/fail
dev-vcs/git-annex	FAIL(3)	FAIL(1)	fail/fail
games-action/descent2-data	FAIL(3)	FAIL(1)	fail/fail
games-action/descent2-vertigo	FAIL(3)	FAIL(1)	fail/fail
games-action/garden	FAIL(3)	FAIL(1)	fail/fail
games-action/guacamelee	FAIL(3)	FAIL(1)	fail/fail
games-action/fakk2	FAIL(3)	FAIL(1)	fail/fail
games-action/dxx-rebirth	FAIL(3)	FAIL(1)	fail/fail
games-action/heretic2	FAIL(3)	FAIL(1)	fail/fail
games-action/hotline-miami	FAIL(3)	FAIL(1)	fail/fail
games-action/intrusion2	FAIL(3)	FAIL(1)	fail/fail
games-action/heretic2-demo	FAIL(3)	FAIL(1)	fail/fail
games-action/moon-buggy	FAIL(3)	FAIL(1)	fail/fail
games-action/heroes	FAIL(3)	FAIL(1)	fail/fail
games-action/postalplus	FAIL(3)	FAIL(1)	fail/fail
games-action/psychonauts-gog	FAIL(3)	FAIL(1)	fail/fail
games-action/psychonauts-hb	FAIL(3)	FAIL(1)	fail/fail
games-action/psychonauts2-hb	FAIL(3)	FAIL(1)	fail/fail
games-action/rive	FAIL(3)	FAIL(1)	fail/fail
games-action/shadowgrounds-bin	FAIL(3)	FAIL(1)	fail/fail
games-action/shadowgrounds-survivor-bin	FAIL(3)	FAIL(1)	fail/fail
games-action/powermanga	FAIL(3)	FAIL(1)	fail/fail
games-action/solar2	FAIL(3)	FAIL(1)	fail/fail
games-action/super-hexagon	FAIL(3)	FAIL(1)	fail/fail
games-action/prismlauncher	FAIL(3)	FAIL(1)	fail/fail
games-action/swordandsworcery	FAIL(3)	FAIL(1)	fail/fail
games-action/transistor	FAIL(3)	FAIL(1)	fail/fail
games-action/trine	FAIL(3)	FAIL(1)	fail/fail
games-action/trine2	FAIL(3)	FAIL(1)	fail/fail
games-action/trine-enchanted-edition	FAIL(3)	FAIL(1)	fail/fail
games-action/xbomber	FAIL(3)	FAIL(1)	fail/fail
games-action/rrootage	FAIL(3)	FAIL(1)	fail/fail
games-arcade/abe	FAIL(3)	FAIL(1)	fail/fail
games-arcade/aquaria	FAIL(3)	FAIL(1)	fail/fail
games-action/trosh	FAIL(3)	FAIL(1)	fail/fail
games-arcade/bumprace	FAIL(3)	FAIL(1)	fail/fail
games-arcade/ceferino	FAIL(3)	FAIL(1)	fail/fail
games-arcade/circuslinux	FAIL(3)	FAIL(1)	fail/fail
games-arcade/dynamitejack	FAIL(3)	FAIL(1)	fail/fail
games-arcade/defendguin	FAIL(3)	FAIL(1)	fail/fail
games-arcade/criticalmass	FAIL(3)	FAIL(1)	fail/fail
games-arcade/epiar	FAIL(3)	FAIL(1)	fail/fail
games-arcade/gunocide2ex	FAIL(3)	FAIL(1)	fail/fail
games-arcade/gnujump	FAIL(3)	FAIL(1)	fail/fail
games-arcade/jumpnbump	FAIL(3)	FAIL(1)	fail/fail
games-arcade/jvgs	FAIL(3)	FAIL(1)	fail/fail
games-arcade/methane	FAIL(3)	FAIL(1)	fail/fail
games-arcade/opensonic	FAIL(3)	FAIL(1)	fail/fail
games-arcade/pachi	FAIL(3)	FAIL(1)	fail/fail
games-arcade/osu-lazer	FAIL(3)	FAIL(1)	fail/fail
games-arcade/jazz2-data	FAIL(3)	FAIL(1)	fail/fail
games-arcade/penguin-command	FAIL(3)	FAIL(1)	fail/fail
games-arcade/mrrescue	FAIL(3)	FAIL(1)	fail/fail
games-arcade/ri-li	FAIL(3)	FAIL(1)	fail/fail
games-arcade/shovel-knight	FAIL(3)	FAIL(1)	fail/fail
games-arcade/rockdodger	FAIL(3)	FAIL(1)	fail/fail
games-arcade/nottetris2	FAIL(3)	FAIL(1)	fail/fail
games-arcade/notpacman	FAIL(3)	FAIL(1)	fail/fail
games-arcade/orthorobot	FAIL(3)	FAIL(1)	fail/fail
games-arcade/thinktanks-demo	FAIL(3)	FAIL(1)	fail/fail
games-arcade/rocksndiamonds	FAIL(3)	FAIL(1)	fail/fail
games-arcade/sdb	FAIL(3)	FAIL(1)	fail/fail
games-arcade/tomatoes	FAIL(3)	FAIL(1)	fail/fail
games-arcade/tecnoballz	FAIL(3)	FAIL(1)	fail/fail
games-arcade/vor	FAIL(3)	FAIL(1)	fail/fail
games-arcade/xbubble	FAIL(3)	FAIL(1)	fail/fail
games-board/ace	FAIL(3)	FAIL(1)	fail/fail
games-board/freedoko	FAIL(3)	FAIL(1)	fail/fail
games-board/gmchess	FAIL(3)	FAIL(1)	fail/fail
games-board/cockatrice	FAIL(3)	FAIL(1)	fail/fail
games-board/gambit	FAIL(3)	FAIL(1)	fail/fail
games-board/hexxagon	FAIL(3)	FAIL(1)	fail/fail
games-board/gtkboard	FAIL(3)	FAIL(1)	fail/fail
games-board/pasang-emas	FAIL(3)	FAIL(1)	fail/fail
games-board/tablebase-syzygy	FAIL(3)	OK	fail/ok
games-board/pioneers	FAIL(3)	FAIL(1)	fail/fail
games-emulation/advancemame	FAIL(3)	FAIL(1)	fail/fail
games-emulation/fceux	FAIL(3)	FAIL(1)	fail/fail
games-emulation/generator	FAIL(3)	FAIL(1)	fail/fail
games-emulation/gnuboy	FAIL(3)	FAIL(1)	fail/fail
games-board/mah-jong	FAIL(3)	FAIL(1)	fail/fail
games-emulation/melonds	FAIL(3)	FAIL(1)	fail/fail
games-emulation/m64py	FAIL(3)	FAIL(1)	fail/fail
games-emulation/rmg	FAIL(3)	FAIL(1)	fail/fail
games-emulation/mupen64plus	FAIL(3)	FAIL(1)	fail/fail
games-emulation/gens	FAIL(3)	FAIL(1)	fail/fail
games-engines/minetest	FAIL(3)	FAIL(1)	fail/fail
games-emulation/zsnes	FAIL(3)	FAIL(1)	fail/fail
games-engines/openmw	FAIL(3)	FAIL(1)	fail/fail
games-engines/openxcom	FAIL(3)	FAIL(1)	fail/fail
games-engines/odamex	FAIL(3)	FAIL(1)	fail/fail
games-engines/scummvm-tools	FAIL(3)	FAIL(1)	fail/fail
games-fps/chocolate-doom	FAIL(3)	FAIL(1)	fail/fail
games-fps/doom-data-gog	FAIL(3)	FAIL(1)	fail/fail
games-fps/doom2-data-gog	FAIL(3)	FAIL(1)	fail/fail
games-fps/crispy-doom	FAIL(3)	FAIL(1)	fail/fail
games-fps/etqw-bin	FAIL(3)	FAIL(1)	fail/fail
games-fps/etqw-data	FAIL(3)	FAIL(1)	fail/fail
games-fps/darkplaces	FAIL(3)	FAIL(1)	fail/fail
games-fps/final-doom-data-gog	FAIL(3)	FAIL(1)	fail/fail
games-fps/industri	FAIL(3)	FAIL(1)	fail/fail
games-fps/quake1-data	FAIL(3)	FAIL(1)	fail/fail
games-fps/dsda-doom	FAIL(3)	FAIL(1)	fail/fail
games-fps/quake2-data	FAIL(3)	FAIL(1)	fail/fail
games-fps/quake2-icculus	FAIL(3)	FAIL(1)	fail/fail
games-fps/serioussam-tfe-data	FAIL(3)	FAIL(1)	fail/fail
games-fps/nexuiz	FAIL(3)	FAIL(1)	fail/fail
games-fps/serioussam-tse-data	FAIL(3)	FAIL(1)	fail/fail
games-fps/serioussam	FAIL(3)	FAIL(1)	fail/fail
games-fps/red-blue-quake2	FAIL(3)	FAIL(1)	fail/fail
games-fps/soldieroffortune	FAIL(3)	FAIL(1)	fail/fail
games-fps/rott	FAIL(3)	FAIL(1)	fail/fail
games-fps/tribes2	FAIL(3)	FAIL(1)	fail/fail
games-fps/ut2003-bonuspack-cm	FAIL(3)	FAIL(1)	fail/fail
games-fps/ut2003-bonuspack-de	FAIL(3)	FAIL(1)	fail/fail
games-fps/ut2003	FAIL(3)	FAIL(1)	fail/fail
games-fps/ut2003-demo	FAIL(3)	FAIL(1)	fail/fail
games-fps/ut2004	FAIL(3)	FAIL(1)	fail/fail
games-fps/ut2004-bonuspack-cbp1	FAIL(3)	FAIL(1)	fail/fail
games-fps/ut2003-data	FAIL(3)	FAIL(1)	fail/fail
games-fps/ut2004-bonuspack-cbp2	FAIL(3)	FAIL(1)	fail/fail
games-fps/ut2004-bonuspack-ece	FAIL(3)	FAIL(1)	fail/fail
games-fps/ut2004-bonuspack-mega	FAIL(3)	FAIL(1)	fail/fail
games-fps/ut2004-data	FAIL(3)	FAIL(1)	fail/fail
games-fps/ut2004-demo	FAIL(3)	FAIL(1)	fail/fail
games-kids/gcompris	FAIL(3)	FAIL(1)	fail/fail
games-misc/little-inferno	FAIL(3)	FAIL(1)	fail/fail
games-misc/fortune-mod-tao	FAIL(3)	FAIL(1)	fail/fail
games-misc/papers-please	FAIL(3)	FAIL(1)	fail/fail
games-mud/circlemud	FAIL(3)	FAIL(1)	fail/fail
games-mud/tf	FAIL(3)	FAIL(1)	fail/fail
games-puzzle/bff-or-die	FAIL(3)	FAIL(1)	fail/fail
games-puzzle/braid-gog	FAIL(3)	FAIL(1)	fail/fail
games-puzzle/braid-hb	FAIL(3)	FAIL(1)	fail/fail
games-puzzle/biniax2	FAIL(3)	FAIL(1)	fail/fail
games-kids/lletters	FAIL(3)	FAIL(1)	fail/fail
games-puzzle/cuyo	FAIL(3)	FAIL(1)	fail/fail
games-misc/solarus-quest-editor	FAIL(3)	FAIL(1)	fail/fail
games-misc/sound-of-sorting	FAIL(3)	FAIL(1)	fail/fail
games-puzzle/flobopuyo	FAIL(3)	FAIL(1)	fail/fail
games-puzzle/gemdropx	FAIL(3)	FAIL(1)	fail/fail
games-puzzle/enigma	FAIL(3)	FAIL(1)	fail/fail
games-misc/gtklife	FAIL(3)	FAIL(1)	fail/fail
games-misc/lucidlife	FAIL(3)	FAIL(1)	fail/fail
games-puzzle/gnome-sudoku	FAIL(3)	FAIL(1)	fail/fail
games-puzzle/nightsky	FAIL(3)	FAIL(1)	fail/fail
games-puzzle/lightsoff	FAIL(3)	FAIL(1)	fail/fail
games-puzzle/splice	FAIL(3)	FAIL(1)	fail/fail
games-puzzle/rezerwar	FAIL(3)	FAIL(1)	fail/fail
games-puzzle/tiny-and-big	FAIL(3)	FAIL(1)	fail/fail
games-puzzle/tod	FAIL(3)	FAIL(1)	fail/fail
games-puzzle/wakkabox	FAIL(3)	FAIL(1)	fail/fail
games-puzzle/world-of-goo-gog	FAIL(3)	FAIL(1)	fail/fail
games-puzzle/world-of-goo-hb	FAIL(3)	FAIL(1)	fail/fail
games-puzzle/twindistress	FAIL(3)	FAIL(1)	fail/fail
games-roguelike/FTL	FAIL(3)	FAIL(1)	fail/fail
games-roguelike/FTL-gog	FAIL(3)	FAIL(1)	fail/fail
games-puzzle/skladnik	FAIL(3)	FAIL(1)	fail/fail
games-puzzle/xlogical	FAIL(3)	FAIL(1)	fail/fail
games-puzzle/xpired	FAIL(3)	FAIL(1)	fail/fail
games-roguelike/neon-chrome	FAIL(3)	FAIL(1)	fail/fail
games-rpg/avadon	FAIL(3)	FAIL(1)	fail/fail
games-rpg/baldurs-gate-ee	FAIL(3)	FAIL(1)	fail/fail
games-rpg/bastion	FAIL(3)	FAIL(1)	fail/fail
games-rpg/broken-age	FAIL(3)	FAIL(1)	fail/fail
games-rpg/celeste	FAIL(3)	FAIL(1)	fail/fail
games-rpg/costume-quest	FAIL(3)	FAIL(1)	fail/fail
games-rpg/crosscode	FAIL(3)	FAIL(1)	fail/fail
games-rpg/dear-esther	FAIL(3)	FAIL(1)	fail/fail
games-rpg/deponia-doomsday	FAIL(3)	FAIL(1)	fail/fail
games-rpg/crosscode-a-new-home	FAIL(3)	FAIL(1)	fail/fail
games-rpg/deponia-tcj	FAIL(3)	FAIL(1)	fail/fail
games-rpg/dungeon-defenders	FAIL(3)	FAIL(1)	fail/fail
games-rpg/freedink	FAIL(3)	FAIL(1)	fail/fail
games-rpg/grimrock	FAIL(3)	FAIL(1)	fail/fail
games-rpg/freedroid	FAIL(3)	FAIL(1)	fail/fail
games-rpg/hatoful-boyfriend	FAIL(3)	FAIL(1)	fail/fail
games-rpg/egoboo	FAIL(3)	FAIL(1)	fail/fail
games-rpg/hatoful-boyfriend-holiday-star	FAIL(3)	FAIL(1)	fail/fail
games-rpg/eternal-lands	FAIL(3)	FAIL(1)	fail/fail
games-rpg/kqlives	FAIL(3)	FAIL(1)	fail/fail
games-rpg/silence	FAIL(3)	FAIL(1)	fail/fail
games-rpg/comi	FAIL(3)	FAIL(1)	fail/fail
games-rpg/the-longest-journey	FAIL(3)	FAIL(1)	fail/fail
games-rpg/the-longest-journey-hd	FAIL(3)	FAIL(1)	fail/fail
games-rpg/the-longest-journey-hd-fmv	FAIL(3)	FAIL(1)	fail/fail
games-rpg/to-the-moon	FAIL(3)	FAIL(1)	fail/fail
games-rpg/wasteland2	FAIL(3)	FAIL(1)	fail/fail
games-rpg/vendetta-online-bin	FAIL(3)	FAIL(1)	fail/fail
games-rpg/openglad	FAIL(3)	FAIL(1)	fail/fail
games-server/etqw-ded	FAIL(3)	FAIL(1)	fail/fail
games-server/mtavc	FAIL(3)	FAIL(1)	fail/fail
games-simulation/EmptyEpsilon	FAIL(3)	FAIL(1)	fail/fail
games-server/ut2004-ded	FAIL(3)	FAIL(1)	fail/fail
games-server/minecraft-server	FAIL(3)	FAIL(1)	fail/fail
games-simulation/corsix-th	FAIL(3)	FAIL(1)	fail/fail
games-rpg/xu4	FAIL(3)	FAIL(1)	fail/fail
games-simulation/sky-rogue	FAIL(3)	FAIL(1)	fail/fail
games-simulation/gl117	FAIL(3)	FAIL(1)	fail/fail
games-simulation/slime-rancher	FAIL(3)	FAIL(1)	fail/fail
games-simulation/train-valley	FAIL(3)	FAIL(1)	fail/fail
games-sports/skatebird	FAIL(3)	FAIL(1)	fail/fail
games-sports/dustrac	FAIL(3)	FAIL(1)	fail/fail
games-strategy/darwinia	FAIL(3)	FAIL(1)	fail/fail
games-sports/trophy	FAIL(3)	FAIL(1)	fail/fail
games-strategy/dunelegacy	FAIL(3)	FAIL(1)	fail/fail
games-sports/ultimatestunts	FAIL(3)	FAIL(1)	fail/fail
games-strategy/dominions2	FAIL(3)	FAIL(1)	fail/fail
games-strategy/galaxyhack	FAIL(3)	FAIL(1)	fail/fail
games-strategy/freecol	FAIL(3)	OK	fail/ok
games-strategy/ja2-stracciatella-data	FAIL(3)	FAIL(1)	fail/fail
games-strategy/homm2-gold-gog	FAIL(3)	FAIL(1)	fail/fail
games-strategy/liquidwar	FAIL(3)	FAIL(1)	fail/fail
games-strategy/satellite-reign	FAIL(3)	FAIL(1)	fail/fail
games-strategy/spaz	FAIL(3)	FAIL(1)	fail/fail
games-strategy/ja2-stracciatella	FAIL(3)	FAIL(1)	fail/fail
games-strategy/tornado	FAIL(3)	FAIL(1)	fail/fail
games-util/datutil	FAIL(3)	FAIL(1)	fail/fail
games-strategy/war1gus	FAIL(3)	FAIL(1)	fail/fail
games-strategy/wargus	FAIL(3)	FAIL(1)	fail/fail
games-util/etswitch	FAIL(3)	FAIL(1)	fail/fail
games-util/game-device-udev-rules	FAIL(3)	FAIL(1)	fail/fail
games-util/gslist	FAIL(3)	FAIL(1)	fail/fail
games-strategy/settlers-2-gold-data	FAIL(3)	FAIL(1)	fail/fail
games-util/loki_patch	FAIL(3)	FAIL(1)	fail/fail
games-util/sc-controller	FAIL(3)	FAIL(1)	fail/fail
games-util/uglygs	FAIL(3)	FAIL(1)	fail/fail
games-util/xpadneo	FAIL(3)	FAIL(1)	fail/fail
gnome-base/gnome-core-apps	FAIL(3)	FAIL(1)	fail/fail
gnome-base/gdm	FAIL(3)	FAIL(1)	fail/fail
gnome-base/gnome	FAIL(3)	FAIL(1)	fail/fail
gnome-base/gnome-applets	FAIL(3)	FAIL(1)	fail/fail
gnome-base/gnome-control-center	FAIL(3)	FAIL(1)	fail/fail
gnome-base/gnome-panel	FAIL(3)	FAIL(1)	fail/fail
gnome-base/gnome-shell	FAIL(3)	FAIL(1)	fail/fail
games-strategy/freeorion	FAIL(124)	FAIL(1)	fail/fail
gnome-base/gnome-flashback	FAIL(3)	FAIL(1)	fail/fail
gnome-base/gnome-light	FAIL(3)	FAIL(1)	fail/fail
gnome-base/gnome-settings-daemon	FAIL(3)	FAIL(1)	fail/fail
gnome-extra/evolution-data-server	FAIL(3)	FAIL(1)	fail/fail
gnome-extra/cinnamon-session	FAIL(3)	FAIL(1)	fail/fail
gnome-extra/cinnamon-settings-daemon	FAIL(3)	FAIL(1)	fail/fail
gnome-extra/cinnamon-screensaver	FAIL(3)	FAIL(1)	fail/fail
gnome-base/gnome-session	FAIL(3)	FAIL(1)	fail/fail
gnome-extra/gnome-directory-thumbnailer	FAIL(3)	FAIL(1)	fail/fail
gnome-base/gnome-extra-apps	FAIL(3)	FAIL(1)	fail/fail
games-util/lutris	FAIL(124)	FAIL(1)	fail/fail
gnome-extra/eiciel	FAIL(3)	FAIL(1)	fail/fail
gnome-extra/cinnamon	FAIL(3)	FAIL(1)	fail/fail
gnome-extra/gnome-logs	FAIL(3)	FAIL(1)	fail/fail
gnome-extra/cinnamon-control-center	FAIL(3)	FAIL(1)	fail/fail
gnome-extra/gnome-shell-extensions	FAIL(3)	FAIL(1)	fail/fail
gnome-extra/gnome-tweaks	FAIL(3)	FAIL(1)	fail/fail
gnome-extra/gnome-shell-extension-bluetooth-quick-connect	FAIL(3)	FAIL(1)	fail/fail
gnome-extra/gnome-system-monitor	FAIL(3)	FAIL(1)	fail/fail
gnome-extra/gnome-shell-extension-weather-in-the-clock	FAIL(3)	FAIL(1)	fail/fail
gnome-extra/gnome-weather	FAIL(3)	FAIL(1)	fail/fail
gnome-extra/office-runner	FAIL(3)	FAIL(1)	fail/fail
gnome-extra/evolution-ews	FAIL(124)	FAIL(1)	fail/fail
gnome-extra/gnome-boxes	FAIL(124)	FAIL(1)	fail/fail
gnome-extra/nemo-fileroller	FAIL(3)	FAIL(1)	fail/fail
gnome-extra/nemo	FAIL(3)	FAIL(1)	fail/fail
gnome-extra/pch-session	FAIL(3)	FAIL(1)	fail/fail
gnome-extra/yelp	FAIL(124)	FAIL(1)	fail/fail
gnustep-apps/aclock	FAIL(124)	FAIL(1)	fail/fail
gnustep-apps/addresses	FAIL(124)	FAIL(1)	fail/fail
gnustep-apps/affiche	FAIL(124)	FAIL(1)	fail/fail
gnustep-apps/batmon	FAIL(124)	FAIL(1)	fail/fail
gnustep-apps/cdplayer	FAIL(124)	FAIL(1)	fail/fail
gnustep-apps/cenon	FAIL(124)	FAIL(1)	fail/fail
gnustep-apps/cynthiune	FAIL(124)	FAIL(1)	fail/fail
gnustep-apps/fisicalab	FAIL(124)	FAIL(1)	fail/fail
gnustep-apps/ftp	FAIL(124)	FAIL(1)	fail/fail
gnustep-apps/gemas	FAIL(124)	FAIL(1)	fail/fail
gnustep-apps/gmines	FAIL(124)	FAIL(1)	fail/fail
gnustep-apps/gnumail	FAIL(124)	FAIL(1)	fail/fail
gnustep-apps/sogo	FAIL(3)	FAIL(1)	fail/fail
gnustep-apps/gorm	FAIL(124)	FAIL(1)	fail/fail
gnustep-apps/graphos	FAIL(124)	FAIL(1)	fail/fail
gnustep-apps/gshisen	FAIL(124)	FAIL(1)	fail/fail
gnustep-apps/gspdf	FAIL(124)	FAIL(1)	fail/fail
gnustep-apps/gworkspace	FAIL(124)	FAIL(1)	fail/fail
gnustep-apps/lapispuzzle	FAIL(124)	FAIL(1)	fail/fail
gnustep-apps/laternamagica	FAIL(124)	FAIL(1)	fail/fail
gnustep-apps/mpdcon	FAIL(124)	FAIL(1)	fail/fail
gnustep-apps/pictureframe	FAIL(124)	FAIL(1)	fail/fail
gnustep-apps/pikopixel	FAIL(124)	FAIL(1)	fail/fail
gnustep-apps/preview	FAIL(124)	FAIL(1)	fail/fail
gnustep-apps/price	FAIL(124)	FAIL(1)	fail/fail
gnustep-apps/projectcenter	FAIL(124)	FAIL(1)	fail/fail
gnustep-apps/simpleagenda	FAIL(124)	FAIL(1)	fail/fail
gnustep-apps/systempreferences	FAIL(124)	FAIL(1)	fail/fail
gnustep-apps/talksoup	FAIL(124)	FAIL(1)	fail/fail
gnustep-apps/terminal	FAIL(124)	FAIL(1)	fail/fail
gnustep-apps/textedit	FAIL(124)	FAIL(1)	fail/fail
gnustep-apps/zipper	FAIL(124)	FAIL(1)	fail/fail
gnustep-base/gnustep-back-art	FAIL(124)	FAIL(1)	fail/fail
gnustep-base/gnustep-back-cairo	FAIL(124)	FAIL(1)	fail/fail
gnustep-base/gnustep-back-xlib	FAIL(124)	FAIL(1)	fail/fail
gnustep-base/gnustep-base	FAIL(124)	FAIL(1)	fail/fail
gnustep-base/gnustep-gui	FAIL(124)	FAIL(1)	fail/fail
gnustep-base/gnustep-make	FAIL(124)	FAIL(1)	fail/fail
gnustep-base/gnustep-updater	FAIL(124)	FAIL(1)	fail/fail
gui-apps/foot-terminfo	FAIL(3)	FAIL(1)	fail/fail
gnustep-base/mknfonts	FAIL(124)	FAIL(1)	fail/fail
gnustep-libs/cenonlibrary	FAIL(124)	FAIL(1)	fail/fail
gnustep-libs/dbuskit	FAIL(124)	FAIL(1)	fail/fail
gnustep-libs/gsldap	FAIL(124)	FAIL(1)	fail/fail
gui-apps/liquidshell	FAIL(3)	FAIL(1)	fail/fail
gnustep-libs/highlighterkit	FAIL(124)	FAIL(1)	fail/fail
gnustep-libs/netclasses	FAIL(124)	FAIL(1)	fail/fail
gnustep-libs/pantomime	FAIL(124)	FAIL(1)	fail/fail
gui-apps/sddm-gentoo-config	FAIL(3)	FAIL(1)	fail/fail
gnustep-libs/performance	FAIL(124)	FAIL(1)	fail/fail
gui-apps/wf-recorder	FAIL(3)	FAIL(1)	fail/fail
gnustep-libs/renaissance	FAIL(124)	FAIL(1)	fail/fail
gui-apps/waybar	FAIL(3)	FAIL(1)	fail/fail
gui-apps/xwaylandvideobridge	FAIL(3)	FAIL(1)	fail/fail
gui-libs/libwlembed	FAIL(3)	FAIL(1)	fail/fail
gui-libs/tepl	FAIL(3)	FAIL(1)	fail/fail
gnustep-libs/sqlclient	FAIL(3)	FAIL(1)	fail/fail
gui-apps/wcm	FAIL(3)	FAIL(1)	fail/fail
gui-apps/wf-shell	FAIL(3)	FAIL(1)	fail/fail
gnustep-libs/sope	FAIL(3)	FAIL(1)	fail/fail
kde-apps/akonadi-contacts	FAIL(3)	FAIL(1)	fail/fail
kde-apps/akonadi-mime	FAIL(3)	FAIL(1)	fail/fail
kde-apps/analitza	FAIL(3)	FAIL(1)	fail/fail
kde-apps/akonadi-search	FAIL(3)	FAIL(1)	fail/fail
kde-apps/akonadi-calendar	FAIL(3)	FAIL(1)	fail/fail
kde-apps/akonadi-import-wizard	FAIL(3)	FAIL(1)	fail/fail
kde-apps/akonadiconsole	FAIL(3)	FAIL(1)	fail/fail
kde-apps/ark	FAIL(3)	FAIL(1)	fail/fail
kde-apps/artikulate	FAIL(3)	FAIL(1)	fail/fail
kde-apps/akregator	FAIL(3)	FAIL(1)	fail/fail
kde-apps/audiocd-kio	FAIL(3)	FAIL(1)	fail/fail
kde-apps/baloo-widgets	FAIL(3)	FAIL(1)	fail/fail
kde-apps/bomber	FAIL(3)	FAIL(1)	fail/fail
kde-apps/bovo	FAIL(3)	FAIL(1)	fail/fail
kde-apps/dolphin	FAIL(3)	FAIL(1)	fail/fail
kde-apps/dolphin-plugins-git	FAIL(3)	FAIL(1)	fail/fail
kde-apps/calendarjanitor	FAIL(3)	FAIL(1)	fail/fail
kde-apps/dragon	FAIL(3)	FAIL(1)	fail/fail
kde-apps/dolphin-plugins-dropbox	FAIL(3)	FAIL(1)	fail/fail
kde-apps/calendarsupport	FAIL(3)	FAIL(1)	fail/fail
kde-apps/filelight	FAIL(3)	FAIL(1)	fail/fail
kde-apps/ffmpegthumbs	FAIL(3)	FAIL(1)	fail/fail
kde-apps/granatier	FAIL(3)	FAIL(1)	fail/fail
kde-apps/eventviews	FAIL(3)	FAIL(1)	fail/fail
kde-apps/grantleetheme	FAIL(3)	FAIL(1)	fail/fail
kde-apps/gwenview	FAIL(3)	FAIL(1)	fail/fail
kde-apps/grantlee-editor	FAIL(3)	FAIL(1)	fail/fail
kde-apps/juk	FAIL(3)	FAIL(1)	fail/fail
kde-apps/incidenceeditor	FAIL(3)	FAIL(1)	fail/fail
kde-apps/kajongg	FAIL(3)	FAIL(1)	fail/fail
kde-apps/kaddressbook	FAIL(3)	FAIL(1)	fail/fail
kde-apps/kamera	FAIL(3)	FAIL(1)	fail/fail
kde-apps/kamoso	FAIL(3)	FAIL(1)	fail/fail
kde-apps/kanagram	FAIL(3)	FAIL(1)	fail/fail
kde-apps/kapman	FAIL(3)	FAIL(1)	fail/fail
kde-apps/kapptemplate	FAIL(3)	FAIL(1)	fail/fail
kde-apps/katomic	FAIL(3)	FAIL(1)	fail/fail
kde-apps/dolphin-plugins-mercurial	FAIL(3)	FAIL(1)	fail/fail
kde-apps/dolphin-plugins-subversion	FAIL(3)	FAIL(1)	fail/fail
kde-apps/kblackbox	FAIL(3)	FAIL(1)	fail/fail
kde-apps/kblocks	FAIL(3)	FAIL(1)	fail/fail
kde-apps/kbounce	FAIL(3)	FAIL(1)	fail/fail
kde-apps/kbreakout	FAIL(3)	FAIL(1)	fail/fail
kde-apps/k3b	FAIL(3)	FAIL(1)	fail/fail
kde-apps/cantor	FAIL(3)	FAIL(1)	fail/fail
kde-apps/kcachegrind	FAIL(3)	FAIL(1)	fail/fail
kde-apps/kcalutils	FAIL(3)	FAIL(1)	fail/fail
kde-apps/kate	FAIL(3)	FAIL(1)	fail/fail
kde-apps/kalzium	FAIL(3)	FAIL(1)	fail/fail
kde-apps/kate-addons	FAIL(3)	FAIL(1)	fail/fail
kde-apps/kate-lib	FAIL(3)	FAIL(1)	fail/fail
kde-apps/kde-dev-utils	FAIL(3)	FAIL(1)	fail/fail
kde-apps/kdeaccessibility-meta	FAIL(3)	FAIL(1)	fail/fail
kde-apps/kdeedu-meta	FAIL(3)	FAIL(1)	fail/fail
kde-apps/kdegraphics-meta	FAIL(3)	FAIL(1)	fail/fail
kde-apps/kdegames-meta	FAIL(3)	FAIL(1)	fail/fail
kde-apps/kcron	FAIL(3)	FAIL(1)	fail/fail
kde-apps/kdenlive	FAIL(3)	FAIL(1)	fail/fail
kde-apps/kdepim-addons	FAIL(3)	FAIL(1)	fail/fail
kde-apps/kdeadmin-meta	FAIL(3)	FAIL(1)	fail/fail
kde-apps/kaccounts-integration	FAIL(124)	FAIL(1)	fail/fail
kde-apps/kaccounts-providers	FAIL(124)	FAIL(1)	fail/fail
kde-apps/kalarm	FAIL(124)	FAIL(1)	fail/fail
kde-apps/kalgebra	FAIL(124)	FAIL(1)	fail/fail
kde-apps/kdenetwork-filesharing	FAIL(3)	FAIL(1)	fail/fail
kde-apps/kdemultimedia-meta	FAIL(3)	FAIL(1)	fail/fail
kde-apps/kdesdk-meta	FAIL(3)	FAIL(1)	fail/fail
kde-apps/kde-apps-meta	FAIL(124)	FAIL(1)	fail/fail
kde-apps/keditbookmarks	FAIL(3)	FAIL(1)	fail/fail
kde-apps/kdecore-meta	FAIL(124)	FAIL(1)	fail/fail
kde-apps/kget	FAIL(3)	FAIL(1)	fail/fail
kde-apps/kig	FAIL(3)	FAIL(1)	fail/fail
kde-apps/khangman	FAIL(3)	FAIL(1)	fail/fail
kde-apps/kidentitymanagement	FAIL(3)	FAIL(1)	fail/fail
kde-apps/kleopatra	FAIL(3)	FAIL(1)	fail/fail
kde-apps/kmail-account-wizard	FAIL(3)	FAIL(1)	fail/fail
kde-apps/kdenetwork-meta	TIMEOUT	FAIL(1)	fail/fail
kde-apps/kdepim-meta	TIMEOUT	FAIL(1)	fail/fail
kde-apps/kdepim-runtime	TIMEOUT	FAIL(1)	fail/fail
kde-apps/kdeutils-meta	TIMEOUT	FAIL(1)	fail/fail
kde-apps/knights	FAIL(3)	FAIL(1)	fail/fail
kde-apps/kompare	FAIL(3)	FAIL(1)	fail/fail
kde-apps/konsole	FAIL(3)	FAIL(1)	fail/fail
kde-apps/khelpcenter	TIMEOUT	FAIL(1)	fail/fail
kde-apps/krfb	FAIL(3)	FAIL(1)	fail/fail
kde-apps/kimagemapeditor	TIMEOUT	FAIL(1)	fail/fail
kde-apps/kturtle	FAIL(3)	FAIL(1)	fail/fail
kde-apps/kwalletmanager	FAIL(3)	FAIL(1)	fail/fail
kde-apps/kwrite	FAIL(3)	FAIL(1)	fail/fail
kde-apps/kwordquiz	FAIL(3)	FAIL(1)	fail/fail
kde-apps/kmail	TIMEOUT	FAIL(1)	fail/fail
kde-apps/mailimporter	FAIL(3)	FAIL(1)	fail/fail
kde-apps/libktnef	FAIL(3)	FAIL(1)	fail/fail
kde-apps/marble	FAIL(3)	FAIL(1)	fail/fail
kde-apps/konqueror	TIMEOUT	FAIL(1)	fail/fail
kde-apps/konsolekalendar	TIMEOUT	FAIL(1)	fail/fail
kde-apps/kontact	TIMEOUT	FAIL(1)	fail/fail
kde-apps/mimetreeparser	FAIL(3)	FAIL(1)	fail/fail
kde-apps/korganizer	TIMEOUT	FAIL(1)	fail/fail
kde-apps/pimcommon	FAIL(3)	FAIL(1)	fail/fail
kde-apps/rocs	FAIL(3)	FAIL(1)	fail/fail
kde-apps/yakuake	FAIL(3)	FAIL(1)	fail/fail
kde-apps/umbrello	FAIL(3)	FAIL(1)	fail/fail
kde-frameworks/kauth	FAIL(3)	FAIL(1)	fail/fail
kde-apps/libksieve	TIMEOUT	FAIL(1)	fail/fail
kde-frameworks/krunner	FAIL(3)	FAIL(1)	fail/fail
kde-apps/mailcommon	TIMEOUT	FAIL(1)	fail/fail
kde-apps/mbox-importer	TIMEOUT	FAIL(1)	fail/fail
kde-apps/messagelib	TIMEOUT	FAIL(1)	fail/fail
kde-frameworks/ktexteditor	FAIL(3)	FAIL(1)	fail/fail
kde-apps/pim-data-exporter	TIMEOUT	FAIL(1)	fail/fail
kde-apps/pim-sieve-editor	TIMEOUT	FAIL(1)	fail/fail
kde-misc/kclock	FAIL(3)	FAIL(1)	fail/fail
kde-misc/colord-kde	FAIL(3)	FAIL(1)	fail/fail
kde-misc/kdeconnect	FAIL(3)	FAIL(1)	fail/fail
kde-misc/krusader	FAIL(3)	FAIL(1)	fail/fail
kde-misc/krunner-vscodeprojects	FAIL(3)	FAIL(1)	fail/fail
kde-misc/kweather	FAIL(3)	FAIL(1)	fail/fail
kde-plasma/drkonqi	FAIL(3)	FAIL(1)	fail/fail
kde-misc/plasma-pass	FAIL(3)	FAIL(1)	fail/fail
kde-plasma/bluedevil	FAIL(3)	FAIL(1)	fail/fail
kde-plasma/discover	FAIL(3)	FAIL(1)	fail/fail
kde-plasma/kdeplasma-addons	FAIL(3)	FAIL(1)	fail/fail
kde-plasma/kscreen	FAIL(3)	FAIL(1)	fail/fail
kde-plasma/kscreenlocker	FAIL(3)	FAIL(1)	fail/fail
kde-plasma/libkscreen	FAIL(3)	FAIL(1)	fail/fail
kde-plasma/ksystemstats	FAIL(3)	FAIL(1)	fail/fail
kde-plasma/kwin-x11	FAIL(3)	FAIL(1)	fail/fail
kde-plasma/kwin	FAIL(3)	FAIL(1)	fail/fail
kde-plasma/layer-shell-qt	FAIL(3)	FAIL(1)	fail/fail
kde-plasma/libksysguard	FAIL(3)	FAIL(1)	fail/fail
kde-plasma/milou	FAIL(3)	FAIL(1)	fail/fail
kde-plasma/plasma-integration	FAIL(3)	FAIL(1)	fail/fail
kde-plasma/oxygen	FAIL(3)	FAIL(1)	fail/fail
kde-plasma/plasma-desktop	FAIL(3)	FAIL(1)	fail/fail
kde-plasma/plasma-browser-integration	FAIL(3)	FAIL(1)	fail/fail
kde-plasma/plasma-disks	FAIL(3)	FAIL(1)	fail/fail
kde-plasma/plasma-firewall	FAIL(3)	FAIL(1)	fail/fail
kde-plasma/kinfocenter	FAIL(3)	FAIL(1)	fail/fail
kde-plasma/plasma-login-manager	FAIL(3)	FAIL(1)	fail/fail
kde-plasma/plasma-login-sessions	FAIL(3)	FAIL(1)	fail/fail
kde-misc/kio-gdrive	TIMEOUT	FAIL(1)	fail/fail
kde-plasma/plasma-sdk	FAIL(3)	FAIL(1)	fail/fail
kde-plasma/plasma-systemmonitor	FAIL(3)	FAIL(1)	fail/fail
kde-plasma/plasma-workspace	FAIL(3)	FAIL(1)	fail/fail
kde-plasma/plasma-vault	FAIL(3)	FAIL(1)	fail/fail
kde-plasma/plasma-nm	FAIL(3)	FAIL(1)	fail/fail
kde-plasma/plasma-pa	FAIL(3)	FAIL(1)	fail/fail
kde-plasma/plasma-welcome	FAIL(3)	FAIL(1)	fail/fail
kde-misc/tellico	TIMEOUT	FAIL(1)	fail/fail
kde-misc/zanshin	TIMEOUT	FAIL(1)	fail/fail
kde-plasma/polkit-kde-agent	FAIL(3)	FAIL(1)	fail/fail
kde-plasma/plymouth-kcm	FAIL(3)	FAIL(1)	fail/fail
kde-plasma/sddm-kcm	FAIL(3)	FAIL(1)	fail/fail
kde-plasma/systemsettings	FAIL(3)	FAIL(1)	fail/fail
kde-plasma/print-manager	FAIL(3)	FAIL(1)	fail/fail
kde-plasma/powerdevil	FAIL(3)	FAIL(1)	fail/fail
llvm-runtimes/libgcc	FAIL(3)	FAIL(1)	fail/fail
llvm-runtimes/openmp-spirv64-intel	FAIL(3)	FAIL(1)	fail/fail
lxde-base/lxde-common	FAIL(3)	FAIL(1)	fail/fail
kde-plasma/wacomtablet	FAIL(3)	FAIL(1)	fail/fail
kde-plasma/spectacle	FAIL(3)	FAIL(1)	fail/fail
lxde-base/lxde-meta	FAIL(3)	FAIL(1)	fail/fail
lxde-base/lxsession	FAIL(3)	FAIL(1)	fail/fail
kde-plasma/xdg-desktop-portal-kde	FAIL(3)	FAIL(1)	fail/fail
lxqt-base/lxqt-notificationd	FAIL(3)	FAIL(1)	fail/fail
lxqt-base/lxqt-config	FAIL(3)	FAIL(1)	fail/fail
lxqt-base/lxqt-meta	FAIL(3)	FAIL(1)	fail/fail
mail-client/alot	FAIL(3)	FAIL(1)	fail/fail
lxqt-base/lxqt-panel	FAIL(3)	FAIL(1)	fail/fail
lxqt-base/lxqt-runner	FAIL(3)	FAIL(1)	fail/fail
lxqt-base/lxqt-session	FAIL(3)	FAIL(1)	fail/fail
lxqt-base/lxqt-wayland-session	FAIL(3)	FAIL(1)	fail/fail
mail-filter/bmf	FAIL(3)	FAIL(1)	fail/fail
mail-client/bower	FAIL(3)	FAIL(1)	fail/fail
mail-filter/gld	FAIL(3)	FAIL(1)	fail/fail
kde-plasma/plasma-meta	FAIL(3)	FAIL(1)	fail/fail
mail-filter/mapson	FAIL(3)	FAIL(1)	fail/fail
mail-filter/policyd	FAIL(3)	FAIL(1)	fail/fail
mail-mta/netqmail	FAIL(3)	FAIL(1)	fail/fail
mail-mta/notqmail	FAIL(3)	FAIL(1)	fail/fail
mail-client/geary	FAIL(3)	FAIL(1)	fail/fail
mail-filter/rspamd	FAIL(3)	FAIL(1)	fail/fail
llvm-core/flang	TIMEOUT	TIMEOUT	fail/fail
llvm-core/mlir	TIMEOUT	TIMEOUT	fail/fail
llvm-runtimes/flang-rt	TIMEOUT	TIMEOUT	fail/fail
mate-extra/mate-system-monitor	FAIL(3)	FAIL(1)	fail/fail
mate-base/mate	FAIL(3)	FAIL(1)	fail/fail
mail-client/evolution	TIMEOUT	FAIL(1)	fail/fail
media-gfx/ahoviewer	FAIL(3)	FAIL(1)	fail/fail
media-gfx/darktable	FAIL(3)	FAIL(1)	fail/fail
media-gfx/blender-bin	FAIL(3)	FAIL(1)	fail/fail
media-gfx/hp2xx	FAIL(3)	FAIL(1)	fail/fail
media-gfx/fotema	FAIL(3)	FAIL(1)	fail/fail
media-gfx/gscan2pdf	FAIL(3)	FAIL(1)	fail/fail
media-gfx/jpegpixi	FAIL(3)	FAIL(1)	fail/fail
media-gfx/inkscape	FAIL(3)	FAIL(1)	fail/fail
media-gfx/kgeotag	FAIL(3)	FAIL(1)	fail/fail
mate-extra/mate-user-guide	TIMEOUT	FAIL(1)	fail/fail
media-gfx/krita	FAIL(3)	FAIL(1)	fail/fail
media-gfx/kphotoalbum	FAIL(3)	FAIL(1)	fail/fail
media-gfx/kuickshow	FAIL(3)	FAIL(1)	fail/fail
media-gfx/opencsg	FAIL(3)	FAIL(1)	fail/fail
media-gfx/openscad	FAIL(3)	FAIL(1)	fail/fail
media-gfx/pablodraw	FAIL(3)	FAIL(1)	fail/fail
media-gfx/loupe	FAIL(3)	FAIL(1)	fail/fail
media-gfx/qiv	FAIL(3)	FAIL(1)	fail/fail
media-gfx/pinta	FAIL(3)	FAIL(1)	fail/fail
media-gfx/blender	TIMEOUT	FAIL(1)	fail/fail
media-gfx/ristretto	FAIL(3)	FAIL(1)	fail/fail
media-gfx/rawtherapee	FAIL(3)	FAIL(1)	fail/fail
media-gfx/digikam	TIMEOUT	FAIL(1)	fail/fail
media-gfx/solvespace	FAIL(3)	FAIL(1)	fail/fail
media-gfx/qrca	FAIL(3)	FAIL(1)	fail/fail
media-gfx/freecad	TIMEOUT	FAIL(1)	fail/fail
media-libs/SoXt	FAIL(3)	FAIL(1)	fail/fail
media-gfx/wings	FAIL(3)	FAIL(1)	fail/fail
media-libs/clutter-gst	FAIL(3)	FAIL(1)	fail/fail
media-libs/clutter-gtk	FAIL(3)	FAIL(1)	fail/fail
media-libs/esdl	FAIL(3)	FAIL(1)	fail/fail
media-libs/ganv	FAIL(3)	FAIL(1)	fail/fail
media-libs/libchamplain	FAIL(3)	FAIL(1)	fail/fail
media-libs/libnjb	FAIL(3)	FAIL(1)	fail/fail
media-libs/lsp-plugins	FAIL(3)	FAIL(1)	fail/fail
media-libs/mesa-amber	FAIL(3)	FAIL(1)	fail/fail
media-libs/lvtk	FAIL(3)	FAIL(1)	fail/fail
media-libs/stk	FAIL(3)	FAIL(1)	fail/fail
media-libs/svgalib	FAIL(3)	FAIL(1)	fail/fail
media-libs/osl	FAIL(3)	OK	fail/ok
media-libs/urt	FAIL(3)	FAIL(1)	fail/fail
media-plugins/alsaequal	FAIL(3)	FAIL(1)	fail/fail
media-plugins/caps-plugins	FAIL(3)	FAIL(1)	fail/fail
media-plugins/dragonfly-reverb-plugins	FAIL(3)	FAIL(1)	fail/fail
media-gfx/superslicer	TIMEOUT	FAIL(1)	fail/fail
media-gfx/prusaslicer	TIMEOUT	FAIL(1)	fail/fail
media-gfx/shotwell	TIMEOUT	FAIL(1)	fail/fail
media-gfx/skanpage	TIMEOUT	FAIL(1)	fail/fail
media-plugins/ams-lv2	FAIL(3)	FAIL(1)	fail/fail
media-libs/intel-mediasdk	TIMEOUT	TIMEOUT	fail/fail
media-plugins/gst-plugins-opencv	FAIL(3)	FAIL(1)	fail/fail
media-plugins/gst-plugins-sndio	FAIL(3)	FAIL(1)	fail/fail
media-plugins/gst-plugins-qt6	FAIL(3)	FAIL(1)	fail/fail
media-plugins/hexter	FAIL(3)	FAIL(1)	fail/fail
media-plugins/hdx-realtime-media-engine	RESTRICT(fetch)	FAIL(1)	fail/fail
media-plugins/kodi-audiodecoder-nosefart	FAIL(3)	FAIL(1)	fail/fail
media-plugins/kodi-audiodecoder-snesapu	FAIL(3)	FAIL(1)	fail/fail
media-plugins/kodi-audiodecoder-stsound	FAIL(3)	FAIL(1)	fail/fail
media-plugins/kodi-audiodecoder-sidplay	FAIL(3)	FAIL(1)	fail/fail
media-plugins/kodi-audiodecoder-sacd	FAIL(3)	FAIL(1)	fail/fail
media-plugins/kodi-audiodecoder-timidity	FAIL(3)	FAIL(1)	fail/fail
media-libs/libva-intel-media-driver	TIMEOUT	TIMEOUT	fail/fail
media-plugins/kodi-imagedecoder-heif	FAIL(3)	FAIL(1)	fail/fail
media-plugins/kodi-audiodecoder-vgmstream	FAIL(3)	FAIL(1)	fail/fail
media-plugins/kodi-imagedecoder-raw	FAIL(3)	FAIL(1)	fail/fail
media-plugins/kodi-audioencoder-flac	FAIL(3)	FAIL(1)	fail/fail
media-plugins/kodi-audioencoder-lame	FAIL(3)	FAIL(1)	fail/fail
media-plugins/kodi-inputstream-rtmp	FAIL(3)	FAIL(1)	fail/fail
media-plugins/kodi-audioencoder-wav	FAIL(3)	FAIL(1)	fail/fail
media-plugins/kodi-audioencoder-vorbis	FAIL(3)	FAIL(1)	fail/fail
media-plugins/kodi-audiodecoder-modplug	FAIL(3)	FAIL(1)	fail/fail
media-plugins/kodi-game-libretro	FAIL(3)	FAIL(1)	fail/fail
media-plugins/kodi-game-libretro-nestopia	FAIL(3)	FAIL(1)	fail/fail
media-plugins/kodi-game-libretro-bnes	FAIL(3)	FAIL(1)	fail/fail
media-plugins/kodi-game-libretro-snes9x	FAIL(3)	FAIL(1)	fail/fail
media-plugins/kodi-game-libretro-dosbox	FAIL(3)	FAIL(1)	fail/fail
media-plugins/kodi-game-libretro-twentyfortyeight	FAIL(3)	FAIL(1)	fail/fail
media-plugins/kodi-inputstream-adaptive	FAIL(3)	FAIL(1)	fail/fail
media-plugins/kodi-inputstream-ffmpegdirect	FAIL(3)	FAIL(1)	fail/fail
media-plugins/kodi-peripheral-joystick	FAIL(3)	FAIL(1)	fail/fail
media-plugins/kodi-pvr-argustv	FAIL(3)	FAIL(1)	fail/fail
media-plugins/kodi-pvr-demo	FAIL(3)	FAIL(1)	fail/fail
media-plugins/kodi-pvr-dvblink	FAIL(3)	FAIL(1)	fail/fail
media-plugins/kodi-pvr-dvbviewer	FAIL(3)	FAIL(1)	fail/fail
media-plugins/kodi-pvr-hts	FAIL(3)	FAIL(1)	fail/fail
media-plugins/kodi-screensaver-asteroids	FAIL(3)	FAIL(1)	fail/fail
media-plugins/kodi-pvr-filmon	FAIL(3)	FAIL(1)	fail/fail
media-plugins/kodi-pvr-iptvsimple	FAIL(3)	FAIL(1)	fail/fail
media-plugins/kodi-pvr-mediaportal-tvserver	FAIL(3)	FAIL(1)	fail/fail
media-plugins/kodi-pvr-nextpvr	FAIL(3)	FAIL(1)	fail/fail
media-plugins/kodi-pvr-mythtv	FAIL(3)	FAIL(1)	fail/fail
media-plugins/kodi-pvr-pctv	FAIL(3)	FAIL(1)	fail/fail
media-plugins/kodi-pvr-njoy	FAIL(3)	FAIL(1)	fail/fail
media-plugins/kodi-screensaver-asterwave	FAIL(3)	FAIL(1)	fail/fail
media-plugins/kodi-screensaver-cpblobs	FAIL(3)	FAIL(1)	fail/fail
media-plugins/kodi-screensaver-greynetic	FAIL(3)	FAIL(1)	fail/fail
media-plugins/kodi-screensaver-matrixtrails	FAIL(3)	FAIL(1)	fail/fail
media-plugins/kodi-screensaver-pingpong	FAIL(3)	FAIL(1)	fail/fail
media-plugins/kodi-screensaver-shadertoy	FAIL(3)	FAIL(1)	fail/fail
media-plugins/kodi-screensaver-stars	FAIL(3)	FAIL(1)	fail/fail
media-plugins/kodi-visualization-fishbmc	FAIL(3)	FAIL(1)	fail/fail
media-plugins/kodi-visualization-goom	FAIL(3)	FAIL(1)	fail/fail
media-plugins/kodi-visualization-projectm	FAIL(3)	FAIL(1)	fail/fail
media-plugins/kodi-visualization-spectrum	FAIL(3)	FAIL(1)	fail/fail
media-plugins/kodi-pvr-stalker	FAIL(3)	FAIL(1)	fail/fail
media-plugins/kodi-visualization-starburst	FAIL(3)	FAIL(1)	fail/fail
media-plugins/kodi-pvr-vbox	FAIL(3)	FAIL(1)	fail/fail
media-plugins/kodi-visualization-waveform	FAIL(3)	FAIL(1)	fail/fail
media-plugins/kodi-pvr-vuplus	FAIL(3)	FAIL(1)	fail/fail
media-plugins/kodi-pvr-wmc	FAIL(3)	FAIL(1)	fail/fail
media-plugins/kodi-pvr-zattoo	FAIL(3)	FAIL(1)	fail/fail
media-plugins/kodi-screensaver-biogenesis	FAIL(3)	FAIL(1)	fail/fail
media-plugins/kodi-screensaver-pyro	FAIL(3)	FAIL(1)	fail/fail
media-plugins/kodi-vfs-rar	FAIL(3)	FAIL(1)	fail/fail
media-plugins/kodi-vfs-sftp	FAIL(3)	FAIL(1)	fail/fail
media-plugins/kodi-visualization-shadertoy	FAIL(3)	FAIL(1)	fail/fail
media-plugins/kodi-vfs-libarchive	FAIL(3)	FAIL(1)	fail/fail
media-plugins/vdr-actuator	FAIL(3)	FAIL(1)	fail/fail
media-plugins/photoqt-extensions	FAIL(3)	FAIL(1)	fail/fail
media-libs/vpl-gpu-rt	TIMEOUT	TIMEOUT	fail/fail
media-plugins/obs-source-dock	FAIL(3)	FAIL(1)	fail/fail
media-plugins/vdr-ffnetdev	FAIL(3)	FAIL(1)	fail/fail
media-plugins/vdr-mp3ng	FAIL(3)	FAIL(1)	fail/fail
media-plugins/vdr-mplayer	FAIL(3)	FAIL(1)	fail/fail
media-plugins/obs-vkcapture	FAIL(3)	FAIL(1)	fail/fail
media-radio/chirp	RESTRICT(fetch)	FAIL(1)	fail/fail
media-plugins/vdr-weatherng	FAIL(3)	FAIL(1)	fail/fail
media-sound/abcm2ps	FAIL(3)	FAIL(1)	fail/fail
media-radio/tqsl	FAIL(3)	FAIL(1)	fail/fail
media-radio/cqrlog	FAIL(3)	FAIL(1)	fail/fail
media-sound/baudline	FAIL(3)	FAIL(1)	fail/fail
media-sound/chordii	FAIL(3)	FAIL(1)	fail/fail
media-sound/dagrab	FAIL(3)	FAIL(1)	fail/fail
media-sound/cvoicecontrol	FAIL(3)	FAIL(1)	fail/fail
media-sound/deadbeef-mpris2-plugin	FAIL(3)	FAIL(1)	fail/fail
media-sound/amarok	FAIL(3)	FAIL(1)	fail/fail
media-sound/gnomad	FAIL(3)	FAIL(1)	fail/fail
media-sound/gom	FAIL(3)	FAIL(1)	fail/fail
media-sound/gigedit	FAIL(3)	FAIL(1)	fail/fail
media-sound/gogglesmm	FAIL(3)	FAIL(1)	fail/fail
media-sound/elisa	FAIL(3)	FAIL(1)	fail/fail
media-sound/easyeffects	FAIL(3)	FAIL(1)	fail/fail
media-sound/helm	FAIL(3)	FAIL(1)	fail/fail
media-sound/guitarix	FAIL(3)	FAIL(1)	fail/fail
media-sound/gtkguitune	FAIL(3)	FAIL(1)	fail/fail
media-sound/gnome-music	FAIL(3)	FAIL(1)	fail/fail
media-sound/gst123	FAIL(3)	FAIL(1)	fail/fail
media-sound/jack-audio-connection-kit	FAIL(3)	FAIL(1)	fail/fail
media-sound/justeport	FAIL(3)	FAIL(1)	fail/fail
media-sound/mmix	FAIL(3)	FAIL(1)	fail/fail
media-sound/lxmusic	FAIL(3)	FAIL(1)	fail/fail
media-sound/mixxx	FAIL(3)	FAIL(1)	fail/fail
media-sound/mt-daapd	FAIL(3)	FAIL(1)	fail/fail
media-sound/mplay	FAIL(3)	FAIL(1)	fail/fail
media-sound/mangler	FAIL(3)	FAIL(1)	fail/fail
media-sound/kasts	FAIL(3)	FAIL(1)	fail/fail
media-sound/krecorder	FAIL(3)	FAIL(1)	fail/fail
media-sound/mp3splt-gtk	FAIL(3)	FAIL(1)	fail/fail
media-sound/mup	FAIL(3)	FAIL(1)	fail/fail
media-sound/ncspot	FAIL(3)	FAIL(1)	fail/fail
media-sound/nickvision-tagger	FAIL(3)	FAIL(1)	fail/fail
media-sound/patchage	FAIL(3)	FAIL(1)	fail/fail
media-sound/pavumeter	FAIL(3)	FAIL(1)	fail/fail
media-sound/paprefs	FAIL(3)	FAIL(1)	fail/fail
media-radio/qlog	TIMEOUT	FAIL(1)	fail/fail
media-sound/pulseeffects	FAIL(3)	FAIL(1)	fail/fail
media-sound/pavucontrol	FAIL(3)	FAIL(1)	fail/fail
media-sound/pwvucontrol	FAIL(3)	FAIL(1)	fail/fail
media-sound/sexypsf	FAIL(3)	FAIL(1)	fail/fail
media-sound/sndpeek	FAIL(3)	FAIL(1)	fail/fail
media-sound/seq24	FAIL(3)	FAIL(1)	fail/fail
media-sound/streamtranscoder	FAIL(3)	FAIL(1)	fail/fail
media-sound/teamspeak-client	FAIL(3)	FAIL(1)	fail/fail
media-sound/spek	FAIL(3)	FAIL(1)	fail/fail
media-sound/twolame	FAIL(3)	OK	fail/ok
media-sound/tk707	FAIL(3)	FAIL(1)	fail/fail
media-sound/wiremix	FAIL(3)	FAIL(1)	fail/fail
media-sound/frescobaldi	TIMEOUT	FAIL(1)	fail/fail
media-tv/v4l-dvb-saa716x	FAIL(3)	FAIL(1)	fail/fail
media-tv/w_scan	FAIL(3)	FAIL(1)	fail/fail
media-tv/ivtvplayer	FAIL(3)	FAIL(1)	fail/fail
media-video/amdgpu-pro-amf	FAIL(3)	FAIL(1)	fail/fail
media-tv/gtk-v4l	FAIL(3)	FAIL(1)	fail/fail
media-tv/tvbrowser-bin	FAIL(3)	FAIL(1)	fail/fail
media-video/dvbsnoop	FAIL(3)	FAIL(1)	fail/fail
media-video/acidrip	FAIL(3)	FAIL(1)	fail/fail
media-video/h264enc	FAIL(3)	FAIL(1)	fail/fail
media-video/droidcam	FAIL(3)	FAIL(1)	fail/fail
media-sound/helvum	TIMEOUT	FAIL(1)	fail/fail
media-video/lxdvdrip	FAIL(3)	FAIL(1)	fail/fail
media-video/mjpg-streamer	FAIL(3)	FAIL(1)	fail/fail
media-video/mkclean	FAIL(3)	FAIL(1)	fail/fail
media-video/cheese	FAIL(3)	FAIL(1)	fail/fail
media-video/mplayer	FAIL(3)	FAIL(1)	fail/fail
media-video/mplay-sh	FAIL(3)	FAIL(1)	fail/fail
media-video/devedeng	FAIL(3)	FAIL(1)	fail/fail
media-video/haruna	FAIL(3)	FAIL(1)	fail/fail
media-video/recmpeg	FAIL(3)	FAIL(1)	fail/fail
media-video/parole	FAIL(3)	FAIL(1)	fail/fail
media-video/dvdstyler	FAIL(3)	FAIL(1)	fail/fail
media-video/v4l2loopback	FAIL(3)	FAIL(1)	fail/fail
media-video/kooha	FAIL(3)	FAIL(1)	fail/fail
media-video/snappy	FAIL(3)	FAIL(1)	fail/fail
net-analyzer/arping	FAIL(3)	FAIL(1)	fail/fail
net-analyzer/authforce	FAIL(3)	FAIL(1)	fail/fail
net-analyzer/argus-clients	FAIL(3)	FAIL(1)	fail/fail
net-analyzer/barnyard2	FAIL(3)	FAIL(1)	fail/fail
net-analyzer/barnyard	FAIL(3)	FAIL(1)	fail/fail
net-analyzer/ettercap	FAIL(3)	FAIL(1)	fail/fail
net-analyzer/cacti-spine	FAIL(3)	FAIL(1)	fail/fail
media-video/vlc	FAIL(3)	FAIL(1)	fail/fail
media-video/subtitlecomposer	FAIL(3)	FAIL(1)	fail/fail
net-analyzer/gr-fosphor	FAIL(3)	FAIL(1)	fail/fail
net-analyzer/ipgen	FAIL(3)	FAIL(1)	fail/fail
media-video/subtitleeditor	FAIL(3)	FAIL(1)	fail/fail
net-analyzer/cloudshark	FAIL(3)	FAIL(1)	fail/fail
net-analyzer/knocker	FAIL(3)	FAIL(1)	fail/fail
net-analyzer/nessus-agent-bin	FAIL(3)	FAIL(1)	fail/fail
net-analyzer/nessus-bin	FAIL(3)	FAIL(1)	fail/fail
net-analyzer/gvm	FAIL(3)	FAIL(1)	fail/fail
net-analyzer/nsat	FAIL(3)	FAIL(1)	fail/fail
net-analyzer/packit	FAIL(3)	FAIL(1)	fail/fail
net-analyzer/scanlogd	FAIL(3)	FAIL(1)	fail/fail
net-dialup/dial	FAIL(3)	FAIL(1)	fail/fail
net-dialup/dwun	FAIL(3)	FAIL(1)	fail/fail
net-dialup/kpnadsl4linux	FAIL(3)	FAIL(1)	fail/fail
net-dialup/mgetty	FAIL(3)	FAIL(1)	fail/fail
net-dialup/sercd	FAIL(3)	FAIL(1)	fail/fail
net-dns/dnrd	FAIL(3)	FAIL(1)	fail/fail
net-dns/djbdns	FAIL(3)	FAIL(1)	fail/fail
net-dns/resolvconf-symlink	FAIL(3)	FAIL(1)	fail/fail
net-dialup/moserial	FAIL(3)	FAIL(1)	fail/fail
net-firewall/arptables	FAIL(3)	FAIL(1)	fail/fail
net-firewall/bpfilter	FAIL(3)	FAIL(1)	fail/fail
net-firewall/ipt_netflow	FAIL(3)	FAIL(1)	fail/fail
net-firewall/rtsp-conntrack	FAIL(3)	FAIL(1)	fail/fail
net-firewall/xtables-addons	FAIL(3)	FAIL(1)	fail/fail
net-fs/openafs	FAIL(3)	FAIL(1)	fail/fail
net-ftp/cmdftp	FAIL(3)	FAIL(1)	fail/fail
net-ftp/ftp	FAIL(3)	OK	fail/ok
net-ftp/gftp	FAIL(3)	FAIL(1)	fail/fail
net-ftp/linksys-tftp	FAIL(3)	FAIL(1)	fail/fail
net-im/bitlbee-steam	FAIL(3)	FAIL(1)	fail/fail
net-im/gitter-bin	FAIL(3)	FAIL(1)	fail/fail
net-ftp/pureadmin	FAIL(3)	FAIL(1)	fail/fail
net-im/prosody	FAIL(3)	FAIL(1)	fail/fail
net-im/prosody-modules	FAIL(3)	FAIL(1)	fail/fail
net-im/swift	FAIL(3)	FAIL(1)	fail/fail
net-im/spectrum2	FAIL(3)	FAIL(1)	fail/fail
net-irc/bnc	FAIL(3)	FAIL(1)	fail/fail
net-irc/emech	FAIL(3)	FAIL(1)	fail/fail
net-im/kaidan	FAIL(3)	FAIL(1)	fail/fail
net-irc/muh	FAIL(3)	FAIL(1)	fail/fail
net-irc/psybnc	FAIL(3)	FAIL(1)	fail/fail
net-irc/unrealircd	FAIL(3)	FAIL(1)	fail/fail
net-libs/cvm	FAIL(3)	FAIL(1)	fail/fail
net-im/tokodon	FAIL(3)	FAIL(1)	fail/fail
net-libs/gupnp-av	FAIL(3)	FAIL(1)	fail/fail
net-libs/ppp-defs	FAIL(3)	FAIL(1)	fail/fail
net-libs/quiche	FAIL(3)	FAIL(1)	fail/fail
net-analyzer/nmapsi	TIMEOUT	FAIL(1)	fail/fail
net-mail/automx2	FAIL(3)	FAIL(1)	fail/fail
net-mail/autorespond	FAIL(3)	FAIL(1)	fail/fail
net-mail/ezmlm-idx	FAIL(3)	FAIL(1)	fail/fail
net-mail/mailfront	FAIL(3)	FAIL(1)	fail/fail
net-mail/mess822	FAIL(3)	FAIL(1)	fail/fail
net-mail/nmzmail	FAIL(3)	FAIL(1)	fail/fail
net-mail/popa3d	FAIL(3)	FAIL(1)	fail/fail
net-mail/qlogtools	FAIL(3)	FAIL(1)	fail/fail
net-mail/qmailanalog	FAIL(3)	FAIL(1)	fail/fail
net-mail/qmail-autoresponder	FAIL(3)	FAIL(1)	fail/fail
net-libs/google-cloud-cpp	FAIL(3)	FAIL(1)	fail/fail
net-mail/qtools	FAIL(3)	FAIL(1)	fail/fail
net-mail/qmhandle	FAIL(3)	FAIL(1)	fail/fail
net-mail/qmailadmin	FAIL(3)	FAIL(1)	fail/fail
net-mail/qmail-notify	FAIL(3)	FAIL(1)	fail/fail
net-mail/safecat	FAIL(3)	FAIL(1)	fail/fail
net-mail/queue-fix	FAIL(3)	FAIL(1)	fail/fail
net-mail/serialmail	FAIL(3)	FAIL(1)	fail/fail
net-mail/stalwart-mail	FAIL(3)	FAIL(1)	fail/fail
net-mail/vpopmail	FAIL(3)	FAIL(1)	fail/fail
net-mail/vqadmin	FAIL(3)	FAIL(1)	fail/fail
net-misc/asahi-btsync	FAIL(3)	FAIL(1)	fail/fail
net-misc/clockspeed	FAIL(3)	OK	fail/ok
net-misc/chrome-remote-desktop	FAIL(3)	FAIL(1)	fail/fail
net-misc/ena-driver	FAIL(3)	FAIL(1)	fail/fail
net-misc/fakeidentd	FAIL(3)	FAIL(1)	fail/fail
net-misc/email-validator	FAIL(3)	OK	fail/ok
net-misc/gns3-server	FAIL(3)	FAIL(1)	fail/fail
net-misc/gerbera	FAIL(3)	FAIL(1)	fail/fail
net-misc/gns3-gui	FAIL(3)	FAIL(1)	fail/fail
net-misc/eventd	FAIL(3)	FAIL(1)	fail/fail
net-misc/icaclient	RESTRICT(fetch)	FAIL(1)	fail/fail
net-misc/hurl	FAIL(3)	FAIL(1)	fail/fail
net-misc/hath	FAIL(3)	OK	fail/ok
net-misc/haeredes	FAIL(3)	OK	fail/ok
net-misc/hylafaxplus	FAIL(3)	FAIL(1)	fail/fail
net-misc/ipsvd	FAIL(3)	FAIL(1)	fail/fail
net-misc/lambdamoo	FAIL(3)	FAIL(1)	fail/fail
net-misc/electrum	FAIL(3)	FAIL(1)	fail/fail
net-misc/mptcpd	FAIL(3)	FAIL(1)	fail/fail
net-misc/gnome-remote-desktop	FAIL(3)	FAIL(1)	fail/fail
net-misc/ncman	FAIL(3)	FAIL(1)	fail/fail
net-misc/netkit-bootparamd	FAIL(3)	OK	fail/ok
net-misc/netkit-rsh	FAIL(3)	OK	fail/ok
net-im/neochat	TIMEOUT	FAIL(1)	fail/fail
net-misc/netkit-timed	FAIL(3)	OK	fail/ok
net-misc/netpipes	FAIL(3)	FAIL(1)	fail/fail
net-misc/mulk	FAIL(3)	FAIL(1)	fail/fail
net-misc/omniORB	FAIL(3)	FAIL(1)	fail/fail
net-misc/openssh-contrib	FAIL(3)	FAIL(1)	fail/fail
net-misc/pkixssh	FAIL(3)	OK	fail/ok
net-misc/mikutter	FAIL(3)	FAIL(1)	fail/fail
net-misc/r8125	FAIL(3)	FAIL(1)	fail/fail
net-misc/r8152	FAIL(3)	FAIL(1)	fail/fail
net-misc/r8168	FAIL(3)	FAIL(1)	fail/fail
net-im/telegram-desktop	TIMEOUT	FAIL(1)	fail/fail
net-misc/ps3mediaserver	FAIL(3)	FAIL(1)	fail/fail
net-misc/moonlight	FAIL(3)	FAIL(1)	fail/fail
net-misc/shigofumi	FAIL(3)	FAIL(1)	fail/fail
net-misc/smb4k	FAIL(3)	FAIL(1)	fail/fail
net-misc/onedrive	FAIL(3)	FAIL(1)	fail/fail
net-misc/rabbitmq-server	FAIL(3)	OK	fail/ok
net-misc/taylor-uucp	FAIL(3)	FAIL(1)	fail/fail
net-misc/rygel	FAIL(3)	FAIL(1)	fail/fail
net-misc/vncsnapshot	FAIL(3)	FAIL(1)	fail/fail
net-misc/streamtuner	FAIL(3)	FAIL(1)	fail/fail
net-misc/x2goclient	FAIL(3)	FAIL(1)	fail/fail
net-nds/389-ds-base	FAIL(3)	FAIL(1)	fail/fail
net-p2p/ed2k_hash	FAIL(3)	FAIL(1)	fail/fail
net-p2p/energi3	FAIL(3)	FAIL(1)	fail/fail
net-p2p/mldonkey	FAIL(3)	FAIL(1)	fail/fail
net-news/alligator	FAIL(3)	FAIL(1)	fail/fail
net-libs/signon-ui	TIMEOUT	FAIL(1)	fail/fail
net-print/c2esp	FAIL(3)	FAIL(1)	fail/fail
net-libs/webkit-gtk	TIMEOUT	FAIL(1)	fail/fail
net-print/fax4cups	FAIL(3)	FAIL(1)	fail/fail
net-print/ink	FAIL(3)	FAIL(1)	fail/fail
net-print/cndrvcups-common-lb	FAIL(3)	FAIL(1)	fail/fail
net-print/kyocera-1x2x-mfp-driver	RESTRICT(fetch)	FAIL(1)	fail/fail
net-print/cndrvcups-lb	FAIL(3)	FAIL(1)	fail/fail
net-proxy/haproxy	FAIL(3)	FAIL(1)	fail/fail
net-print/pnm2ppa	FAIL(3)	FAIL(1)	fail/fail
net-voip/mumble	FAIL(3)	FAIL(1)	fail/fail
net-vpn/isatapd	FAIL(3)	FAIL(1)	fail/fail
net-vpn/libreswan	FAIL(3)	FAIL(1)	fail/fail
net-vpn/networkmanager-libreswan	FAIL(3)	FAIL(1)	fail/fail
net-proxy/mitmproxy-linux	FAIL(3)	FAIL(1)	fail/fail
net-proxy/mitmproxy-rs	FAIL(3)	FAIL(1)	fail/fail
net-vpn/microsoft-azurevpnclient	FAIL(3)	FAIL(1)	fail/fail
net-proxy/mitmproxy	FAIL(3)	FAIL(1)	fail/fail
net-vpn/ovpn-dco	FAIL(3)	FAIL(1)	fail/fail
net-wireless/aic8800	FAIL(3)	FAIL(1)	fail/fail
net-wireless/airspy	FAIL(3)	FAIL(1)	fail/fail
net-wireless/broadcom-sta	FAIL(3)	FAIL(1)	fail/fail
net-vpn/networkmanager-vpnc	FAIL(3)	FAIL(1)	fail/fail
net-wireless/aircrack-ng	FAIL(3)	FAIL(1)	fail/fail
net-wireless/gr-iqbal	FAIL(3)	FAIL(1)	fail/fail
net-wireless/gr-scopy	FAIL(3)	FAIL(1)	fail/fail
net-wireless/gr-osmosdr	FAIL(3)	FAIL(1)	fail/fail
net-wireless/gqrx	FAIL(3)	FAIL(1)	fail/fail
net-misc/oidc-agent	TIMEOUT	FAIL(1)	fail/fail
net-wireless/gr-rds	FAIL(3)	FAIL(1)	fail/fail
net-wireless/kismet	FAIL(3)	FAIL(1)	fail/fail
net-wireless/kismetmobiledashboard	FAIL(3)	FAIL(1)	fail/fail
net-wireless/gr-ieee802154	FAIL(3)	FAIL(1)	fail/fail
net-wireless/lorcon	FAIL(3)	FAIL(1)	fail/fail
net-wireless/nanovna-saver	FAIL(3)	FAIL(1)	fail/fail
net-wireless/limesuite	FAIL(3)	FAIL(1)	fail/fail
net-wireless/sigdigger	FAIL(3)	FAIL(1)	fail/fail
net-wireless/wepdecrypt	FAIL(3)	FAIL(1)	fail/fail
net-wireless/gr-paint	FAIL(3)	FAIL(1)	fail/fail
net-wireless/urh	FAIL(3)	FAIL(1)	fail/fail
sci-astronomy/cdsclient	FAIL(3)	FAIL(1)	fail/fail
sci-astronomy/esorex	FAIL(3)	FAIL(1)	fail/fail
sci-astronomy/funtools	FAIL(3)	FAIL(1)	fail/fail
net-wireless/unifi	FAIL(3)	FAIL(1)	fail/fail
sci-astronomy/scamp	FAIL(3)	FAIL(1)	fail/fail
sci-astronomy/psfex	FAIL(3)	FAIL(1)	fail/fail
sci-astronomy/sextractor	FAIL(3)	FAIL(1)	fail/fail
sci-astronomy/skymaker	FAIL(3)	FAIL(1)	fail/fail
sci-astronomy/swarp	FAIL(3)	FAIL(1)	fail/fail
sci-astronomy/stellarium	FAIL(3)	FAIL(1)	fail/fail
sci-biology/bedtools	FAIL(3)	FAIL(1)	fail/fail
sci-biology/blat	FAIL(3)	FAIL(1)	fail/fail
sci-biology/bioperl	FAIL(3)	FAIL(1)	fail/fail
sci-biology/clustalw-mpi	FAIL(3)	FAIL(1)	fail/fail
sci-biology/bioperl-network	FAIL(3)	FAIL(1)	fail/fail
net-news/liferea	TIMEOUT	FAIL(1)	fail/fail
sci-biology/bioperl-db	FAIL(3)	FAIL(1)	fail/fail
sci-biology/bioperl-run	FAIL(3)	FAIL(1)	fail/fail
sci-biology/embassy-esim4	FAIL(3)	FAIL(1)	fail/fail
sci-biology/embassy-mse	FAIL(3)	FAIL(1)	fail/fail
sci-biology/embassy-topo	FAIL(3)	FAIL(1)	fail/fail
sci-biology/fasta	FAIL(3)	OK	fail/ok
sci-biology/foldingathome	FAIL(3)	FAIL(1)	fail/fail
sci-biology/gmap	FAIL(3)	FAIL(1)	fail/fail
sci-biology/hmmer	FAIL(3)	OK	fail/ok
sci-biology/embassy	FAIL(3)	FAIL(1)	fail/fail
sci-biology/newick-utils	FAIL(3)	FAIL(1)	fail/fail
sci-biology/mrbayes	FAIL(3)	FAIL(1)	fail/fail
sci-biology/phyml	FAIL(3)	FAIL(1)	fail/fail
sci-biology/sim4	FAIL(3)	FAIL(1)	fail/fail
sci-biology/pysam	FAIL(3)	FAIL(1)	fail/fail
sci-biology/seaview	FAIL(3)	FAIL(1)	fail/fail
sci-biology/stride	FAIL(3)	FAIL(1)	fail/fail
sci-biology/trf	FAIL(3)	FAIL(1)	fail/fail
sci-astronomy/kstars	FAIL(3)	FAIL(1)	fail/fail
sci-calculators/pcalc	FAIL(3)	FAIL(1)	fail/fail
sci-calculators/orpie	FAIL(3)	FAIL(1)	fail/fail
net-p2p/ktorrent	TIMEOUT	FAIL(1)	fail/fail
sci-biology/seqan	FAIL(3)	FAIL(1)	fail/fail
sci-biology/wise	FAIL(3)	FAIL(1)	fail/fail
sci-chemistry/GromacsWrapper	FAIL(3)	FAIL(1)	fail/fail
sci-chemistry/cara-bin	FAIL(3)	FAIL(1)	fail/fail
sci-chemistry/moldy	FAIL(3)	FAIL(1)	fail/fail
sci-chemistry/msms-bin	RESTRICT(fetch)	FAIL(1)	fail/fail
sci-chemistry/mpqc	FAIL(3)	FAIL(1)	fail/fail
sci-chemistry/raster3d	FAIL(3)	FAIL(1)	fail/fail
sci-chemistry/psi	FAIL(3)	FAIL(1)	fail/fail
sci-chemistry/surf	FAIL(3)	FAIL(1)	fail/fail
sci-chemistry/threeV	RESTRICT(fetch)	FAIL(1)	fail/fail
sci-chemistry/vmd	RESTRICT(fetch)	FAIL(1)	fail/fail
sci-chemistry/xds-bin	RESTRICT(fetch)	FAIL(1)	fail/fail
sci-chemistry/gelemental	FAIL(3)	FAIL(1)	fail/fail
sci-chemistry/easychem	FAIL(3)	FAIL(1)	fail/fail
sci-chemistry/pymol	FAIL(3)	FAIL(1)	fail/fail
sci-electronics/irsim	FAIL(3)	FAIL(1)	fail/fail
net-vpn/cloudflare-warp	TIMEOUT	FAIL(1)	fail/fail
sci-electronics/gerbv	FAIL(3)	FAIL(1)	fail/fail
sci-electronics/gspeakers	FAIL(3)	FAIL(1)	fail/fail
sci-electronics/gsmc	FAIL(3)	FAIL(1)	fail/fail
sci-electronics/geda	FAIL(3)	FAIL(1)	fail/fail
sci-electronics/labone	FAIL(3)	FAIL(1)	fail/fail
sci-electronics/magic	FAIL(3)	FAIL(1)	fail/fail
sci-electronics/klayout	FAIL(3)	FAIL(1)	fail/fail
sci-electronics/gnetman	FAIL(3)	FAIL(1)	fail/fail
sci-electronics/gwave	FAIL(3)	FAIL(1)	fail/fail
sci-electronics/geda-suite	FAIL(3)	FAIL(1)	fail/fail
sci-electronics/ktechlab	FAIL(3)	FAIL(1)	fail/fail
sci-electronics/qelectrotech	FAIL(3)	FAIL(1)	fail/fail
sci-geosciences/foxtrotgps	FAIL(3)	FAIL(1)	fail/fail
sci-geosciences/gpx-viewer	FAIL(3)	FAIL(1)	fail/fail
sci-geosciences/grass	FAIL(3)	FAIL(1)	fail/fail
sci-libs/adolc	FAIL(3)	FAIL(1)	fail/fail
sci-libs/atlas	FAIL(3)	FAIL(1)	fail/fail
sci-libs/avogadrolibs	FAIL(3)	FAIL(1)	fail/fail
sci-geosciences/merkaartor	FAIL(3)	FAIL(1)	fail/fail
sci-geosciences/viking	FAIL(3)	FAIL(1)	fail/fail
sci-libs/clblas	FAIL(3)	FAIL(1)	fail/fail
sci-libs/coinor-cbc	FAIL(3)	OK	fail/ok
sci-libs/coinor-csdp	FAIL(3)	FAIL(1)	fail/fail
sci-libs/coinor-dip	FAIL(3)	FAIL(1)	fail/fail
sci-libs/coinor-dylp	FAIL(3)	FAIL(1)	fail/fail
sci-libs/coinor-couenne	FAIL(3)	FAIL(1)	fail/fail
sci-libs/coinor-mp	FAIL(3)	FAIL(1)	fail/fail
sci-libs/coinor-symphony	FAIL(3)	FAIL(1)	fail/fail
sci-libs/cqrlib	FAIL(3)	OK	fail/ok
sci-libs/composable-kernel	FAIL(3)	FAIL(1)	fail/fail
sci-libs/dealii	FAIL(3)	FAIL(1)	fail/fail
sci-libs/hdf	FAIL(3)	FAIL(1)	fail/fail
sci-libs/hipCUB	FAIL(3)	FAIL(1)	fail/fail
sci-libs/gerris	FAIL(3)	FAIL(1)	fail/fail
sci-libs/hipFFT	FAIL(3)	FAIL(1)	fail/fail
sci-libs/hipRAND	FAIL(3)	FAIL(1)	fail/fail
sci-libs/hipBLAS	FAIL(3)	FAIL(1)	fail/fail
sci-libs/hipBLASLt	FAIL(3)	FAIL(1)	fail/fail
sci-libs/hipSOLVER	FAIL(3)	FAIL(1)	fail/fail
sci-libs/hipSPARSE	FAIL(3)	FAIL(1)	fail/fail
sci-libs/hipsparselt	FAIL(3)	FAIL(1)	fail/fail
sci-libs/lemon	FAIL(3)	FAIL(1)	fail/fail
sci-libs/linux-gpib	FAIL(3)	FAIL(1)	fail/fail
sci-libs/linux-gpib-modules	FAIL(3)	FAIL(1)	fail/fail
sci-libs/lrslib	FAIL(3)	FAIL(1)	fail/fail
sci-libs/netcdf-cxx	FAIL(3)	FAIL(1)	fail/fail
sci-libs/miopen	FAIL(3)	FAIL(1)	fail/fail
sci-libs/ogdi	FAIL(3)	FAIL(1)	fail/fail
sci-electronics/kicad	TIMEOUT	FAIL(1)	fail/fail
sci-electronics/kicad-footprints	TIMEOUT	FAIL(1)	fail/fail
sci-libs/pgplot	FAIL(3)	FAIL(1)	fail/fail
sci-electronics/kicad-meta	TIMEOUT	FAIL(1)	fail/fail
sci-libs/rocPRIM	FAIL(3)	FAIL(1)	fail/fail
sci-libs/rocFFT	FAIL(3)	FAIL(1)	fail/fail
sci-electronics/kicad-packages3d	TIMEOUT	FAIL(1)	fail/fail
sci-libs/rocRAND	FAIL(3)	FAIL(1)	fail/fail
sci-electronics/kicad-symbols	TIMEOUT	FAIL(1)	fail/fail
sci-electronics/kicad-templates	TIMEOUT	FAIL(1)	fail/fail
sci-libs/rocThrust	FAIL(3)	FAIL(1)	fail/fail
sci-libs/rocWMMA	FAIL(3)	FAIL(1)	fail/fail
sci-libs/rpp	FAIL(3)	FAIL(1)	fail/fail
sci-libs/rocBLAS	FAIL(3)	FAIL(1)	fail/fail
sci-libs/rocSOLVER	FAIL(3)	FAIL(1)	fail/fail
sci-libs/pastix	FAIL(3)	FAIL(1)	fail/fail
sci-libs/rocSPARSE	FAIL(3)	FAIL(1)	fail/fail
sci-mathematics/arb	FAIL(3)	FAIL(1)	fail/fail
sci-mathematics/bertini	FAIL(3)	FAIL(1)	fail/fail
sci-mathematics/calc	FAIL(3)	FAIL(1)	fail/fail
sci-mathematics/coq-serapi	FAIL(3)	FAIL(1)	fail/fail
sci-mathematics/dataplot	FAIL(3)	FAIL(1)	fail/fail
sci-mathematics/flocq	FAIL(3)	FAIL(1)	fail/fail
sci-mathematics/gappalib-coq	FAIL(3)	FAIL(1)	fail/fail
sci-mathematics/giac	FAIL(3)	FAIL(1)	fail/fail
sci-mathematics/geomview	FAIL(3)	FAIL(1)	fail/fail
sci-mathematics/coq-mathcomp	FAIL(3)	OK	fail/ok
sci-mathematics/cudd	FAIL(3)	FAIL(1)	fail/fail
sci-mathematics/kind2	FAIL(3)	FAIL(1)	fail/fail
sci-mathematics/gsl-shell	FAIL(3)	FAIL(1)	fail/fail
sci-mathematics/mathomatic	FAIL(3)	FAIL(1)	fail/fail
sci-mathematics/mathematica	FAIL(3)	FAIL(1)	fail/fail
sci-mathematics/gretl	FAIL(3)	FAIL(1)	fail/fail
sci-mathematics/picosat	FAIL(3)	OK	fail/ok
sci-mathematics/rkward	FAIL(3)	FAIL(1)	fail/fail
sci-mathematics/twelf	FAIL(3)	FAIL(1)	fail/fail
sci-mathematics/topcom	FAIL(3)	FAIL(1)	fail/fail
sci-mathematics/unuran	FAIL(3)	FAIL(1)	fail/fail
sci-geosciences/qgis	TIMEOUT	FAIL(1)	fail/fail
sci-geosciences/qmapshack	TIMEOUT	FAIL(1)	fail/fail
sci-misc/ViSP-images	FAIL(3)	OK	fail/ok
sci-mathematics/why3-for-spark	FAIL(3)	FAIL(1)	fail/fail
sci-misc/cdfplayer	RESTRICT(fetch)	FAIL(1)	fail/fail
sci-misc/nco	FAIL(3)	FAIL(1)	fail/fail
sci-misc/ncview	FAIL(3)	FAIL(1)	fail/fail
sci-mathematics/yices2	FAIL(3)	FAIL(1)	fail/fail
sci-ml/fastdownload	FAIL(3)	FAIL(1)	fail/fail
sci-libs/libint	TIMEOUT	TIMEOUT	fail/fail
sci-physics/herwig	FAIL(3)	FAIL(1)	fail/fail
sci-physics/reduze	FAIL(3)	FAIL(1)	fail/fail
sci-physics/geant4_vmc	FAIL(3)	FAIL(1)	fail/fail
sci-physics/espresso	FAIL(3)	FAIL(1)	fail/fail
sci-physics/vmc	FAIL(3)	FAIL(1)	fail/fail
sci-physics/root	FAIL(3)	FAIL(1)	fail/fail
sci-libs/rtabmap	TIMEOUT	FAIL(1)	fail/fail
sci-libs/vtk	TIMEOUT	FAIL(1)	fail/fail
sci-visualization/gr	FAIL(3)	FAIL(1)	fail/fail
sci-visualization/gle	FAIL(3)	FAIL(1)	fail/fail
sci-visualization/kst	FAIL(3)	FAIL(1)	fail/fail
sci-ml/accelerate	TIMEOUT	TIMEOUT	fail/fail
sci-ml/caffe2	TIMEOUT	TIMEOUT	fail/fail
sci-ml/evaluate	TIMEOUT	FAIL(1)	fail/fail
sci-ml/fastai	FAIL(3)	TIMEOUT	fail/fail
sci-ml/pytorch	TIMEOUT	TIMEOUT	fail/fail
sci-ml/torchdata	TIMEOUT	TIMEOUT	fail/fail
sci-ml/torchvision	TIMEOUT	TIMEOUT	fail/fail
sci-physics/vgm	FAIL(3)	FAIL(1)	fail/fail
sci-visualization/paraview	FAIL(3)	FAIL(1)	fail/fail
sec-policy/selinux-watchdog	FAIL(3)	FAIL(1)	fail/fail
sys-apps/accountsservice	FAIL(3)	FAIL(1)	fail/fail
sys-apps/apparmor	FAIL(3)	FAIL(1)	fail/fail
sys-apps/apparmor-utils	FAIL(3)	FAIL(1)	fail/fail
sys-apps/cpint	FAIL(3)	FAIL(1)	fail/fail
sys-apps/daisydog	FAIL(3)	FAIL(1)	fail/fail
sys-apps/ifd-gempc	FAIL(3)	FAIL(1)	fail/fail
sys-apps/gentoo-systemd-integration	FAIL(3)	FAIL(1)	fail/fail
sys-apps/lssbus	FAIL(3)	FAIL(1)	fail/fail
sys-apps/gsmartcontrol	FAIL(3)	FAIL(1)	fail/fail
sys-apps/musl-locales	FAIL(3)	FAIL(1)	fail/fail
sys-apps/netkit-base	FAIL(3)	OK	fail/ok
sys-apps/opal-utils	FAIL(3)	FAIL(1)	fail/fail
sys-apps/paxctld	FAIL(3)	FAIL(1)	fail/fail
sys-apps/kcheck	FAIL(3)	FAIL(1)	fail/fail
sys-apps/powerpc-utils	FAIL(3)	FAIL(1)	fail/fail
sys-apps/qcontrol	FAIL(3)	FAIL(1)	fail/fail
sys-apps/renameutils	FAIL(3)	FAIL(1)	fail/fail
sys-apps/s6-linux-init	FAIL(3)	FAIL(1)	fail/fail
sys-apps/s6-frontend	FAIL(3)	FAIL(1)	fail/fail
sys-apps/openrazer	FAIL(3)	FAIL(1)	fail/fail
sys-apps/seedfiles	FAIL(3)	FAIL(1)	fail/fail
sys-apps/razer-cli	FAIL(3)	FAIL(1)	fail/fail
sys-apps/smc-sum	FAIL(3)	FAIL(1)	fail/fail
sys-apps/sparc-utils	FAIL(3)	FAIL(1)	fail/fail
sys-apps/razergenie	FAIL(3)	FAIL(1)	fail/fail
sys-apps/system-monitoring-center	FAIL(3)	FAIL(1)	fail/fail
sys-apps/intune-portal	FAIL(3)	FAIL(1)	fail/fail
sys-apps/razercommander	FAIL(3)	FAIL(1)	fail/fail
sys-apps/systemd-initctl	FAIL(3)	FAIL(1)	fail/fail
sys-apps/systemd	FAIL(3)	FAIL(1)	fail/fail
sys-apps/systemd-readahead	FAIL(3)	FAIL(1)	fail/fail
sys-apps/utempter	FAIL(3)	FAIL(1)	fail/fail
sys-auth/libnss-pgsql	FAIL(3)	FAIL(1)	fail/fail
sys-auth/pam_smb	FAIL(3)	FAIL(1)	fail/fail
sys-block/arcconf	RESTRICT(fetch)	FAIL(1)	fail/fail
sys-auth/AusweisApp	FAIL(3)	FAIL(1)	fail/fail
sys-block/di	FAIL(3)	FAIL(1)	fail/fail
sys-block/perccli	RESTRICT(fetch)	FAIL(1)	fail/fail
sys-block/sas2ircu	RESTRICT(fetch)	FAIL(1)	fail/fail
sys-block/sas3flash	RESTRICT(fetch)	FAIL(1)	fail/fail
sys-block/sas3ircu	RESTRICT(fetch)	FAIL(1)	fail/fail
sys-boot/aboot	FAIL(3)	FAIL(1)	fail/fail
sys-boot/bootcreator	FAIL(3)	FAIL(1)	fail/fail
sys-boot/colo	FAIL(3)	FAIL(1)	fail/fail
sys-boot/arcload	FAIL(3)	FAIL(1)	fail/fail
sys-boot/cromwell	FAIL(3)	FAIL(1)	fail/fail
sys-boot/elilo	FAIL(3)	FAIL(1)	fail/fail
sys-boot/milo	FAIL(3)	FAIL(1)	fail/fail
sys-boot/palo	FAIL(3)	FAIL(1)	fail/fail
sys-boot/silo	FAIL(3)	FAIL(1)	fail/fail
sys-block/wait-for-dri-devices-rules	FAIL(3)	FAIL(1)	fail/fail
sys-block/gparted	FAIL(3)	FAIL(1)	fail/fail
sys-boot/yaboot	FAIL(3)	FAIL(1)	fail/fail
sys-cluster/charm	FAIL(3)	FAIL(1)	fail/fail
sys-cluster/drbd-utils	FAIL(3)	FAIL(1)	fail/fail
sys-cluster/charmdebug	FAIL(3)	FAIL(1)	fail/fail
sys-cluster/gasnet	FAIL(3)	FAIL(1)	fail/fail
sys-cluster/knem	FAIL(3)	FAIL(1)	fail/fail
sys-cluster/libcircle	FAIL(3)	FAIL(1)	fail/fail
sys-cluster/pconsole	FAIL(3)	FAIL(1)	fail/fail
sys-devel/binutils-hppa64	FAIL(3)	FAIL(1)	fail/fail
sys-devel/native-cctools	FAIL(3)	FAIL(1)	fail/fail
sys-devel/nvptx-tools	FAIL(3)	FAIL(1)	fail/fail
sys-devel/elftoolchain	FAIL(3)	FAIL(1)	fail/fail
sys-fs/arm-fdisk	FAIL(3)	FAIL(1)	fail/fail
sys-fs/bcachefs-tools	FAIL(3)	FAIL(1)	fail/fail
sys-devel/rust-std	FAIL(3)	FAIL(1)	fail/fail
sys-devel/clang-crossdev-wrappers	FAIL(3)	FAIL(1)	fail/fail
sys-fs/ldapfuse	FAIL(3)	FAIL(1)	fail/fail
sys-fs/lessfs	FAIL(3)	FAIL(1)	fail/fail
sys-fs/linux-apfs-rw	FAIL(3)	FAIL(1)	fail/fail
sys-fs/loop-aes	FAIL(3)	FAIL(1)	fail/fail
sys-fs/mergerfs	FAIL(3)	FAIL(1)	fail/fail
sys-fs/google-drive-ocamlfuse	FAIL(3)	FAIL(1)	fail/fail
sys-fs/fragview	FAIL(3)	FAIL(1)	fail/fail
sys-fs/davl	FAIL(3)	FAIL(1)	fail/fail
sys-fs/rar2fs	FAIL(3)	FAIL(1)	fail/fail
sys-apps/polychromatic	FAIL(3)	FAIL(1)	fail/fail
sys-fs/sanoid	FAIL(3)	FAIL(1)	fail/fail
sys-fs/static-dev	FAIL(3)	FAIL(1)	fail/fail
sys-fs/vhba	FAIL(3)	FAIL(1)	fail/fail
sys-fs/zfs	FAIL(3)	FAIL(1)	fail/fail
sys-fs/zfs-kmod	FAIL(3)	FAIL(1)	fail/fail
sys-fs/zfs-auto-snapshot	FAIL(3)	FAIL(1)	fail/fail
sys-kernel/cryptodev	FAIL(3)	FAIL(1)	fail/fail
sys-kernel/gnumach	FAIL(3)	FAIL(1)	fail/fail
sys-kernel/hurd	FAIL(3)	FAIL(1)	fail/fail
sys-devel/kgcc64	FAIL(3)	FAIL(1)	fail/fail
sys-kernel/linux-next	FAIL(3)	FAIL(1)	fail/fail
sys-kernel/mips-sources	FAIL(3)	FAIL(1)	fail/fail
sys-kernel/kpatch	FAIL(3)	FAIL(1)	fail/fail
sys-kernel/rumpkernel	FAIL(3)	FAIL(1)	fail/fail
sys-libs/argp-standalone	FAIL(3)	FAIL(1)	fail/fail
sys-kernel/gentoo-kernel	FAIL(3)	FAIL(1)	fail/fail
sys-kernel/udev-hid-bpf	FAIL(3)	OK	fail/ok
sys-kernel/vanilla-kernel	FAIL(3)	FAIL(1)	fail/fail
sys-libs/error-standalone	FAIL(3)	FAIL(1)	fail/fail
sys-kernel/scx	FAIL(3)	OK	fail/ok
sys-fs/treesize	FAIL(3)	FAIL(1)	fail/fail
sys-libs/fts-standalone	FAIL(3)	FAIL(1)	fail/fail
sys-kernel/scx-loader	FAIL(3)	OK	fail/ok
sys-cluster/ceph	FAIL(3)	FAIL(1)	fail/fail
sys-libs/ldb	FAIL(3)	FAIL(1)	fail/fail
sys-libs/libseccomp	FAIL(3)	FAIL(1)	fail/fail
sys-libs/libsmbios	FAIL(3)	FAIL(1)	fail/fail
sys-libs/libxcrypt	FAIL(3)	FAIL(1)	fail/fail
sys-libs/libuuid	FAIL(3)	FAIL(1)	fail/fail
sys-libs/musl	FAIL(3)	FAIL(1)	fail/fail
sys-libs/libnvidia-container	FAIL(3)	FAIL(1)	fail/fail
sys-libs/musl-nscd	FAIL(3)	FAIL(1)	fail/fail
sys-libs/ncurses-compat	FAIL(3)	OK	fail/ok
sys-libs/newlib	FAIL(3)	FAIL(1)	fail/fail
sys-libs/nss-usrfiles	FAIL(3)	FAIL(1)	fail/fail
sys-libs/obstack-standalone	FAIL(3)	FAIL(1)	fail/fail
sys-libs/openipmi	FAIL(3)	FAIL(1)	fail/fail
sys-libs/queue-standalone	FAIL(3)	FAIL(1)	fail/fail
sys-libs/ncurses	FAIL(3)	FAIL(1)	fail/fail
sys-libs/snapd-glib	FAIL(3)	FAIL(1)	fail/fail
sys-power/acpi_call	FAIL(3)	FAIL(1)	fail/fail
sys-power/RyzenAdj	FAIL(3)	FAIL(1)	fail/fail
sys-power/bbswitch	FAIL(3)	FAIL(1)	fail/fail
sys-power/libacpica	FAIL(3)	FAIL(1)	fail/fail
sys-auth/microsoft-identity-broker	FAIL(3)	FAIL(1)	fail/fail
sys-libs/pkgcraft	FAIL(3)	FAIL(1)	fail/fail
sys-power/suspend	FAIL(3)	FAIL(1)	fail/fail
sys-power/sandmann-bin	FAIL(3)	FAIL(1)	fail/fail
sys-power/powertop	FAIL(3)	OK	fail/ok
sys-process/btop	FAIL(3)	FAIL(1)	fail/fail
sys-power/wluma	FAIL(3)	FAIL(1)	fail/fail
sys-process/bpytop	FAIL(3)	OK	fail/ok
sys-power/upower	FAIL(3)	OK	fail/ok
sys-libs/kpmcore	FAIL(3)	FAIL(1)	fail/fail
sys-process/criu	FAIL(3)	FAIL(1)	fail/fail
sys-process/daemontools-encore	FAIL(3)	FAIL(1)	fail/fail
sys-process/dcron	FAIL(3)	OK	fail/ok
sys-process/ctop	FAIL(3)	OK	fail/ok
sys-process/fcron	FAIL(3)	FAIL(1)	fail/fail
sys-process/bottom	FAIL(3)	OK	fail/ok
sys-process/below	FAIL(3)	FAIL(1)	fail/fail
sys-process/evisum	FAIL(3)	FAIL(1)	fail/fail
sys-process/minit	FAIL(3)	FAIL(1)	fail/fail
sys-process/pkill-darwin	FAIL(3)	FAIL(1)	fail/fail
sys-process/procps	FAIL(3)	FAIL(1)	fail/fail
sys-process/gnome-usage	FAIL(3)	FAIL(1)	fail/fail
sys-process/psmisc	FAIL(3)	FAIL(1)	fail/fail
sys-process/procenv	FAIL(3)	FAIL(1)	fail/fail
sys-process/top-apple	FAIL(3)	FAIL(1)	fail/fail
sys-process/parallel	FAIL(3)	FAIL(1)	fail/fail
sys-process/unixtop	FAIL(3)	FAIL(1)	fail/fail
sys-process/xjobs	FAIL(3)	FAIL(1)	fail/fail
sys-process/tiptop	FAIL(3)	FAIL(1)	fail/fail
sys-process/procs	FAIL(3)	OK	fail/ok
virtual/freedesktop-icon-theme	FAIL(3)	FAIL(1)	fail/fail
virtual/httpd-cgi	FAIL(3)	OK	fail/ok
virtual/gnustep-back	FAIL(3)	FAIL(1)	fail/fail
virtual/dist-kernel	FAIL(3)	FAIL(1)	fail/fail
virtual/httpd-fastcgi	FAIL(3)	FAIL(1)	fail/fail
virtual/imagemagick-tools	FAIL(3)	OK	fail/ok
sys-process/systemd-cron	FAIL(3)	FAIL(1)	fail/fail
virtual/qmail	FAIL(3)	FAIL(1)	fail/fail
virtual/tex-base	FAIL(3)	FAIL(1)	fail/fail
www-apache/mod_perl	FAIL(3)	FAIL(1)	fail/fail
www-apps/Apache-Gallery	FAIL(3)	FAIL(1)	fail/fail
www-apps/gitea	FAIL(3)	FAIL(1)	fail/fail
www-apps/bareos-webui	FAIL(3)	FAIL(1)	fail/fail
sys-boot/raspberrypi-firmware	TIMEOUT	FAIL(1)	fail/fail
www-apps/mythweb	FAIL(3)	FAIL(1)	fail/fail
www-apps/moodle	FAIL(3)	FAIL(1)	fail/fail
www-apps/sfpg	FAIL(3)	FAIL(1)	fail/fail
www-apps/rt	FAIL(3)	FAIL(1)	fail/fail
www-apps/redmine	FAIL(3)	FAIL(1)	fail/fail
www-client/jd	FAIL(3)	FAIL(1)	fail/fail
www-client/opera-gx	FAIL(3)	FAIL(1)	fail/fail
www-client/w3mmee	FAIL(3)	FAIL(1)	fail/fail
www-misc/litmus	FAIL(3)	FAIL(1)	fail/fail
www-client/seamonkey	FAIL(3)	FAIL(1)	fail/fail
www-nginx/ngx-acme	FAIL(3)	FAIL(1)	fail/fail
www-client/tangram	FAIL(3)	FAIL(1)	fail/fail
www-servers/fnord	FAIL(3)	FAIL(1)	fail/fail
www-servers/mongrel2	FAIL(3)	FAIL(1)	fail/fail
www-plugins/lightspark	FAIL(3)	FAIL(1)	fail/fail
www-servers/uwsgi	FAIL(3)	FAIL(1)	fail/fail
sys-kernel/raspberrypi-image	TIMEOUT	FAIL(1)	fail/fail
www-servers/h2o	FAIL(3)	OK	fail/ok
x11-drivers/nvidia-drivers	FAIL(3)	FAIL(1)	fail/fail
www-client/qutebrowser	FAIL(3)	FAIL(1)	fail/fail
x11-libs/dnd	FAIL(3)	FAIL(1)	fail/fail
x11-libs/gtk-mac-integration	FAIL(3)	FAIL(1)	fail/fail
x11-libs/libdockapp	FAIL(3)	OK	fail/ok
www-apps/kibana-bin	TIMEOUT	TIMEOUT	fail/fail
x11-libs/wxGTK	FAIL(3)	FAIL(1)	fail/fail
www-client/chromium	TIMEOUT	FAIL(1)	fail/fail
x11-misc/bumblebee	FAIL(3)	FAIL(1)	fail/fail
www-client/epiphany	TIMEOUT	FAIL(1)	fail/fail
x11-misc/emacs-desktop-mail	FAIL(3)	FAIL(1)	fail/fail
www-client/luakit	TIMEOUT	FAIL(1)	fail/fail
www-client/surf	TIMEOUT	FAIL(1)	fail/fail
x11-misc/kbdd	FAIL(3)	FAIL(1)	fail/fail
x11-misc/gpaste	FAIL(3)	FAIL(1)	fail/fail
x11-misc/grun	FAIL(3)	FAIL(1)	fail/fail
x11-misc/lineak-defaultplugin	FAIL(3)	FAIL(1)	fail/fail
x11-misc/lightdm-mini-greeter	FAIL(3)	FAIL(1)	fail/fail
x11-misc/lightdm	FAIL(3)	FAIL(1)	fail/fail
x11-misc/lightdm-gtk-greeter	FAIL(3)	FAIL(1)	fail/fail
x11-misc/nitrogen	FAIL(3)	FAIL(1)	fail/fail
x11-misc/primus	FAIL(3)	FAIL(1)	fail/fail
x11-misc/qt5ct	FAIL(3)	FAIL(1)	fail/fail
x11-misc/parcellite	FAIL(3)	FAIL(1)	fail/fail
x11-misc/pcmanfm-qt	FAIL(3)	FAIL(1)	fail/fail
x11-misc/simpleswitcher	FAIL(3)	FAIL(1)	fail/fail
x11-misc/urxvt-font-size	FAIL(3)	FAIL(1)	fail/fail
x11-misc/urxvt-perls	FAIL(3)	FAIL(1)	fail/fail
x11-misc/urxvt-tabbedex	FAIL(3)	FAIL(1)	fail/fail
x11-misc/screengrab	FAIL(3)	FAIL(1)	fail/fail
x11-misc/trayer	FAIL(3)	FAIL(1)	fail/fail
x11-misc/xfractint	FAIL(3)	FAIL(1)	fail/fail
x11-misc/xmountains	FAIL(3)	FAIL(1)	fail/fail
x11-misc/wininfo	FAIL(3)	FAIL(1)	fail/fail
x11-misc/xmobar	FAIL(3)	FAIL(1)	fail/fail
x11-plugins/asapm	FAIL(3)	FAIL(1)	fail/fail
x11-plugins/allin1	FAIL(3)	FAIL(1)	fail/fail
x11-misc/xscreensaver-app	FAIL(3)	FAIL(1)	fail/fail
x11-plugins/docker	FAIL(3)	FAIL(1)	fail/fail
x11-plugins/gkrellkam	FAIL(3)	FAIL(1)	fail/fail
x11-plugins/gkrellm-bluez	FAIL(3)	FAIL(1)	fail/fail
x11-plugins/gkrellm-radio	FAIL(3)	FAIL(1)	fail/fail
x11-plugins/gkrellm-plugins	FAIL(3)	FAIL(1)	fail/fail
x11-plugins/gkrellm-trayicons	FAIL(3)	FAIL(1)	fail/fail
x11-plugins/gkrellm-vaiobright	FAIL(3)	FAIL(1)	fail/fail
x11-plugins/gkrellm-volume	FAIL(3)	FAIL(1)	fail/fail
x11-plugins/gkrellm-xkb	FAIL(3)	FAIL(1)	fail/fail
x11-plugins/gkrellmlaunch	FAIL(3)	FAIL(1)	fail/fail
x11-plugins/gkrellmoon	FAIL(3)	FAIL(1)	fail/fail
x11-plugins/gkrellmss	FAIL(3)	FAIL(1)	fail/fail
x11-plugins/gkrellsun	FAIL(3)	FAIL(1)	fail/fail
x11-plugins/gkrelltop	FAIL(3)	FAIL(1)	fail/fail
x11-plugins/gkwebmon	FAIL(3)	FAIL(1)	fail/fail
x11-plugins/i8krellm	FAIL(3)	FAIL(1)	fail/fail
x11-plugins/pidgin-mpris	FAIL(3)	FAIL(1)	fail/fail
x11-plugins/wmCalClock	FAIL(3)	FAIL(1)	fail/fail
x11-plugins/wmSpaceWeather	FAIL(3)	FAIL(1)	fail/fail
x11-plugins/wmDownload	FAIL(3)	OK	fail/ok
x11-plugins/wmSun	FAIL(3)	FAIL(1)	fail/fail
x11-plugins/wmXName	FAIL(3)	FAIL(1)	fail/fail
x11-plugins/wmacpi	FAIL(3)	OK	fail/ok
x11-plugins/wmail	FAIL(3)	OK	fail/ok
x11-plugins/wmappl	FAIL(3)	FAIL(1)	fail/fail
x11-plugins/wmbatteries	FAIL(3)	FAIL(1)	fail/fail
x11-plugins/wmcms	FAIL(3)	OK	fail/ok
x11-plugins/wmcpuwatch	FAIL(3)	OK	fail/ok
x11-plugins/wmcube	FAIL(3)	FAIL(1)	fail/fail
x11-plugins/wmget	FAIL(3)	FAIL(1)	fail/fail
x11-plugins/wmfsm	FAIL(3)	OK	fail/ok
x11-plugins/wmgrabimage	FAIL(3)	FAIL(1)	fail/fail
x11-plugins/wmgtemp	FAIL(3)	OK	fail/ok
x11-plugins/wmhdplop	FAIL(3)	FAIL(1)	fail/fail
x11-plugins/wmifs	FAIL(3)	OK	fail/ok
x11-plugins/wmitime	FAIL(3)	OK	fail/ok
x11-plugins/wmix	FAIL(3)	FAIL(1)	fail/fail
x11-plugins/wmmisc	FAIL(3)	OK	fail/ok
x11-plugins/wmmenu	FAIL(3)	OK	fail/ok
x11-plugins/wmmoonclock	FAIL(3)	FAIL(1)	fail/fail
x11-plugins/wmmon	FAIL(3)	OK	fail/ok
x11-plugins/wmmp3	FAIL(3)	FAIL(1)	fail/fail
x11-plugins/wmnetload	FAIL(3)	OK	fail/ok
x11-plugins/wmppp	FAIL(3)	OK	fail/ok
x11-plugins/wmsysmon	FAIL(3)	OK	fail/ok
x11-plugins/wmcoincoin	FAIL(3)	FAIL(1)	fail/fail
x11-plugins/wmtime	FAIL(3)	OK	fail/ok
x11-plugins/wmtop	FAIL(3)	OK	fail/ok
x11-plugins/wmtz	FAIL(3)	OK	fail/ok
x11-plugins/wmxres	FAIL(3)	OK	fail/ok
x11-terms/kterm	FAIL(3)	FAIL(1)	fail/fail
x11-plugins/wmtimer	FAIL(3)	FAIL(1)	fail/fail
x11-terms/qterminal	FAIL(3)	FAIL(1)	fail/fail
x11-themes/adapta-gtk-theme	FAIL(3)	FAIL(1)	fail/fail
x11-themes/geany-themes	FAIL(3)	FAIL(1)	fail/fail
x11-themes/kfaenza	FAIL(3)	FAIL(1)	fail/fail
x11-wm/2bwm	FAIL(3)	FAIL(1)	fail/fail
x11-themes/gnustep-neos-theme	FAIL(3)	FAIL(1)	fail/fail
x11-wm/amiwm	FAIL(3)	FAIL(1)	fail/fail
x11-wm/echinus	FAIL(3)	FAIL(1)	fail/fail
x11-themes/gnustep-silver-theme	FAIL(3)	FAIL(1)	fail/fail
x11-wm/matwm2	FAIL(3)	FAIL(1)	fail/fail
x11-wm/musca	FAIL(3)	FAIL(1)	fail/fail
xfce-base/exo	FAIL(3)	FAIL(1)	fail/fail
x11-wm/muffin	FAIL(3)	FAIL(1)	fail/fail
xfce-base/thunar-volman	FAIL(3)	FAIL(1)	fail/fail
xfce-base/thunar	FAIL(3)	FAIL(1)	fail/fail
xfce-base/xfce4-power-manager	FAIL(3)	FAIL(1)	fail/fail
xfce-base/xfce4-panel	FAIL(3)	FAIL(1)	fail/fail
xfce-base/xfce4-settings	FAIL(3)	FAIL(1)	fail/fail
xfce-extra/thunar-archive-plugin	FAIL(3)	FAIL(1)	fail/fail
xfce-extra/thunar-media-tags-plugin	FAIL(3)	FAIL(1)	fail/fail
x11-wm/mutter	FAIL(3)	FAIL(1)	fail/fail
xfce-extra/thunar-shares-plugin	FAIL(3)	FAIL(1)	fail/fail
xfce-extra/thunar-vcs-plugin	FAIL(3)	FAIL(1)	fail/fail
xfce-extra/xfce4-alsa-plugin	FAIL(3)	FAIL(1)	fail/fail
xfce-extra/xfce4-battery-plugin	FAIL(3)	FAIL(1)	fail/fail
xfce-extra/xfce4-hdaps	FAIL(3)	FAIL(1)	fail/fail
xfce-extra/xfce4-datetime-plugin	FAIL(3)	FAIL(1)	fail/fail
xfce-extra/xfce4-diskperf-plugin	FAIL(3)	FAIL(1)	fail/fail
xfce-extra/xfce4-fsguard-plugin	FAIL(3)	FAIL(1)	fail/fail
xfce-extra/xfce4-generic-slider	FAIL(3)	FAIL(1)	fail/fail
xfce-extra/xfce4-genmon-plugin	FAIL(3)	FAIL(1)	fail/fail
xfce-extra/xfce4-indicator-plugin	FAIL(3)	FAIL(1)	fail/fail
xfce-extra/xfce4-mailwatch-plugin	FAIL(3)	FAIL(1)	fail/fail
xfce-extra/xfce4-mixer	FAIL(3)	FAIL(1)	fail/fail
xfce-extra/xfce4-mount-plugin	FAIL(3)	FAIL(1)	fail/fail
xfce-extra/xfce4-mpc-plugin	FAIL(3)	FAIL(1)	fail/fail
xfce-extra/xfce4-netload-plugin	FAIL(3)	FAIL(1)	fail/fail
xfce-extra/xfce4-notes-plugin	FAIL(3)	FAIL(1)	fail/fail
xfce-extra/xfce4-notifyd	FAIL(3)	FAIL(1)	fail/fail
xfce-extra/xfce4-places-plugin	FAIL(3)	FAIL(1)	fail/fail
xfce-extra/xfce4-pulseaudio-plugin	FAIL(3)	FAIL(1)	fail/fail
xfce-extra/xfce4-smartbookmark-plugin	FAIL(3)	FAIL(1)	fail/fail
xfce-extra/xfce4-screenshooter	FAIL(3)	FAIL(1)	fail/fail
xfce-extra/xfce4-stopwatch-plugin	FAIL(3)	FAIL(1)	fail/fail
xfce-extra/xfce4-systemload-plugin	FAIL(3)	FAIL(1)	fail/fail
xfce-extra/xfce4-wavelan-plugin	FAIL(3)	FAIL(1)	fail/fail
xfce-extra/xfce4-whiskermenu-plugin	FAIL(3)	FAIL(1)	fail/fail
xfce-extra/xfdashboard	FAIL(3)	FAIL(1)	fail/fail
